ts,inst,side,price,sizeFrac,reason
2025-06-01T14:15:00+00:00,ETH-USDT-SWAP,BUY,2510.88,1.0,entry_multi_indicator
2025-06-01T16:00:00+00:00,ETH-USDT-SWAP,SELL,2536.16,0.3,takeprofit_r_multiple_1.0
2025-06-01T18:00:00+00:00,ETH-USDT-SWAP,SELL,2528.48,0.7,takeprofit_trailing
2025-06-01T22:00:00+00:00,ETH-USDT-SWAP,BUY,2545.26,1.0,entry_multi_indicator
2025-06-01T22:45:00+00:00,ETH-USDT-SWAP,SELL,2534.21,1.0,takeprofit_trailing
2025-06-01T23:00:00+00:00,ETH-USDT-SWAP,BUY,2540.14,1.0,entry_multi_indicator
2025-06-01T23:30:00+00:00,ETH-USDT-SWAP,SELL,2534.99,1.0,stoploss_full
2025-06-02T13:30:00+00:00,ETH-USDT-SWAP,BUY,2510.59,1.0,entry_multi_indicator
2025-06-02T15:00:00+00:00,ETH-USDT-SWAP,SELL,2534.27,0.3,takeprofit_r_multiple_1.0
2025-06-02T18:15:00+00:00,ETH-USDT-SWAP,SELL,2556.0,0.3,takeprofit_r_multiple_2.0
2025-06-02T18:30:00+00:00,ETH-USDT-SWAP,SELL,2544.81,0.39999999999999997,takeprofit_trailing
2025-06-02T21:45:00+00:00,ETH-USDT-SWAP,BUY,2559.0,1.0,entry_multi_indicator
2025-06-02T22:15:00+00:00,ETH-USDT-SWAP,SELL,2579.71,0.3,takeprofit_r_multiple_1.0
2025-06-02T23:15:00+00:00,ETH-USDT-SWAP,SELL,2606.04,0.3,takeprofit_r_multiple_2.0
2025-06-02T23:30:00+00:00,ETH-USDT-SWAP,SELL,2610.41,0.2,takeprofit_rsi_partial
2025-06-03T01:30:00+00:00,ETH-USDT-SWAP,SELL,2637.0,0.19999999999999996,takeprofit_rsi_partial
2025-06-03T01:45:00+00:00,ETH-USDT-SWAP,BUY,2644.55,1.0,entry_multi_indicator
2025-06-03T02:30:00+00:00,ETH-USDT-SWAP,SELL,2626.36,1.0,stoploss_full
2025-06-03T13:15:00+00:00,ETH-USDT-SWAP,BUY,2619.99,1.0,entry_multi_indicator
2025-06-03T14:00:00+00:00,ETH-USDT-SWAP,SELL,2615.42,1.0,takeprofit_trailing
2025-06-03T14:15:00+00:00,ETH-USDT-SWAP,BUY,2631.4,1.0,entry_multi_indicator
2025-06-03T15:30:00+00:00,ETH-USDT-SWAP,SELL,2632.0,1.0,takeprofit_trailing
2025-06-04T03:00:00+00:00,ETH-USDT-SWAP,BUY,2622.99,1.0,entry_multi_indicator
2025-06-04T05:15:00+00:00,ETH-USDT-SWAP,SELL,2621.3,1.0,takeprofit_trailing
2025-06-04T08:15:00+00:00,ETH-USDT-SWAP,BUY,2637.84,1.0,entry_multi_indicator
2025-06-04T09:15:00+00:00,ETH-USDT-SWAP,SELL,2634.58,1.0,takeprofit_trailing
2025-06-04T09:30:00+00:00,ETH-USDT-SWAP,BUY,2637.35,1.0,entry_multi_indicator
2025-06-04T10:15:00+00:00,ETH-USDT-SWAP,SELL,2637.59,1.0,takeprofit_trailing
2025-06-04T10:30:00+00:00,ETH-USDT-SWAP,BUY,2637.69,1.0,entry_multi_indicator
2025-06-04T10:45:00+00:00,ETH-USDT-SWAP,SELL,2637.23,1.0,stoploss_full
2025-06-04T15:15:00+00:00,ETH-USDT-SWAP,BUY,2648.13,1.0,entry_multi_indicator
2025-06-04T16:15:00+00:00,ETH-USDT-SWAP,SELL,2649.23,1.0,takeprofit_trailing
2025-06-04T16:30:00+00:00,ETH-USDT-SWAP,BUY,2654.11,1.0,entry_multi_indicator
2025-06-04T17:30:00+00:00,ETH-USDT-SWAP,SELL,2635.12,1.0,stoploss_full
2025-06-05T02:30:00+00:00,ETH-USDT-SWAP,BUY,2623.66,1.0,entry_multi_indicator
2025-06-05T05:15:00+00:00,ETH-USDT-SWAP,SELL,2620.28,1.0,takeprofit_trailing
2025-06-05T12:00:00+00:00,ETH-USDT-SWAP,BUY,2618.5,1.0,entry_multi_indicator
2025-06-05T13:30:00+00:00,ETH-USDT-SWAP,SELL,2613.32,1.0,takeprofit_trailing
2025-06-06T03:45:00+00:00,ETH-USDT-SWAP,BUY,2454.13,1.0,entry_multi_indicator
2025-06-06T09:45:00+00:00,ETH-USDT-SWAP,SELL,2467.36,1.0,takeprofit_trailing
2025-06-06T10:00:00+00:00,ETH-USDT-SWAP,BUY,2477.69,1.0,entry_multi_indicator
2025-06-06T11:30:00+00:00,ETH-USDT-SWAP,SELL,2479.92,1.0,takeprofit_trailing
2025-06-06T11:45:00+00:00,ETH-USDT-SWAP,BUY,2474.93,1.0,entry_multi_indicator
2025-06-06T12:15:00+00:00,ETH-USDT-SWAP,SELL,2477.68,1.0,stoploss_full
2025-06-06T13:30:00+00:00,ETH-USDT-SWAP,BUY,2498.22,1.0,entry_multi_indicator
2025-06-06T15:00:00+00:00,ETH-USDT-SWAP,SELL,2524.0,0.3,takeprofit_r_multiple_1.0
2025-06-06T15:30:00+00:00,ETH-USDT-SWAP,SELL,2499.78,0.7,takeprofit_trailing
2025-06-06T15:45:00+00:00,ETH-USDT-SWAP,BUY,2508.33,1.0,entry_multi_indicator
2025-06-06T16:00:00+00:00,ETH-USDT-SWAP,SELL,2505.82,1.0,stoploss_full
2025-06-07T04:30:00+00:00,ETH-USDT-SWAP,BUY,2487.48,1.0,entry_multi_indicator
2025-06-07T06:15:00+00:00,ETH-USDT-SWAP,SELL,2483.46,1.0,takeprofit_trailing
2025-06-07T06:45:00+00:00,ETH-USDT-SWAP,BUY,2500.15,1.0,entry_multi_indicator
2025-06-07T07:00:00+00:00,ETH-USDT-SWAP,SELL,2490.49,1.0,takeprofit_trailing
2025-06-07T12:30:00+00:00,ETH-USDT-SWAP,BUY,2504.54,1.0,entry_multi_indicator
2025-06-07T12:45:00+00:00,ETH-USDT-SWAP,SELL,2496.37,1.0,takeprofit_trailing
2025-06-07T13:00:00+00:00,ETH-USDT-SWAP,BUY,2503.8,1.0,entry_multi_indicator
2025-06-07T15:45:00+00:00,ETH-USDT-SWAP,SELL,2518.15,0.3,takeprofit_r_multiple_1.0
2025-06-07T16:45:00+00:00,ETH-USDT-SWAP,SELL,2508.78,0.7,takeprofit_trailing
2025-06-07T19:15:00+00:00,ETH-USDT-SWAP,BUY,2521.51,1.0,entry_multi_indicator
2025-06-07T19:30:00+00:00,ETH-USDT-SWAP,SELL,2516.32,1.0,stoploss_full
2025-06-07T20:00:00+00:00,ETH-USDT-SWAP,BUY,2523.69,1.0,entry_multi_indicator
2025-06-07T20:45:00+00:00,ETH-USDT-SWAP,SELL,2520.71,1.0,stoploss_full
2025-06-07T22:30:00+00:00,ETH-USDT-SWAP,BUY,2534.61,1.0,entry_multi_indicator
2025-06-07T22:45:00+00:00,ETH-USDT-SWAP,SELL,2534.21,1.0,takeprofit_trailing
2025-06-07T23:00:00+00:00,ETH-USDT-SWAP,BUY,2528.46,1.0,entry_multi_indicator
2025-06-07T23:30:00+00:00,ETH-USDT-SWAP,SELL,2523.22,1.0,stoploss_full
2025-06-08T13:30:00+00:00,ETH-USDT-SWAP,BUY,2517.04,1.0,entry_multi_indicator
2025-06-08T13:45:00+00:00,ETH-USDT-SWAP,SELL,2507.72,1.0,takeprofit_trailing
2025-06-08T14:45:00+00:00,ETH-USDT-SWAP,BUY,2513.08,1.0,entry_multi_indicator
2025-06-08T17:45:00+00:00,ETH-USDT-SWAP,SELL,2521.54,1.0,takeprofit_trailing
2025-06-08T18:00:00+00:00,ETH-USDT-SWAP,BUY,2530.39,1.0,entry_multi_indicator
2025-06-08T19:30:00+00:00,ETH-USDT-SWAP,SELL,2528.2,1.0,takeprofit_trailing
2025-06-08T19:45:00+00:00,ETH-USDT-SWAP,BUY,2531.38,1.0,entry_multi_indicator
2025-06-08T20:45:00+00:00,ETH-USDT-SWAP,SELL,2529.89,1.0,stoploss_full
2025-06-09T09:15:00+00:00,ETH-USDT-SWAP,BUY,2497.28,1.0,entry_multi_indicator
2025-06-09T09:30:00+00:00,ETH-USDT-SWAP,SELL,2511.97,0.3,takeprofit_r_multiple_1.0
2025-06-09T09:45:00+00:00,ETH-USDT-SWAP,SELL,2507.92,0.7,takeprofit_trailing
2025-06-09T10:00:00+00:00,ETH-USDT-SWAP,BUY,2523.39,1.0,entry_multi_indicator
2025-06-09T11:30:00+00:00,ETH-USDT-SWAP,SELL,2542.44,0.3,takeprofit_r_multiple_1.0
2025-06-09T13:30:00+00:00,ETH-USDT-SWAP,SELL,2530.31,0.7,takeprofit_trailing
2025-06-09T16:15:00+00:00,ETH-USDT-SWAP,BUY,2566.01,1.0,entry_multi_indicator
2025-06-09T20:00:00+00:00,ETH-USDT-SWAP,SELL,2575.58,1.0,stoploss_full
2025-06-09T21:00:00+00:00,ETH-USDT-SWAP,BUY,2618.23,1.0,entry_multi_indicator
2025-06-09T21:15:00+00:00,ETH-USDT-SWAP,SELL,2638.25,0.2,takeprofit_rsi_partial
2025-06-09T21:45:00+00:00,ETH-USDT-SWAP,SELL,2642.67,0.3,takeprofit_r_multiple_1.0
2025-06-09T22:15:00+00:00,ETH-USDT-SWAP,SELL,2659.95,0.2,takeprofit_rsi_partial
2025-06-09T22:45:00+00:00,ETH-USDT-SWAP,SELL,2664.91,0.3,takeprofit_r_multiple_2.0
2025-06-09T23:00:00+00:00,ETH-USDT-SWAP,BUY,2658.49,1.0,entry_multi_indicator
2025-06-09T23:30:00+00:00,ETH-USDT-SWAP,SELL,2690.11,0.3,takeprofit_r_multiple_1.0
2025-06-10T00:15:00+00:00,ETH-USDT-SWAP,SELL,2716.92,0.2,takeprofit_rsi_partial
2025-06-10T00:45:00+00:00,ETH-USDT-SWAP,SELL,2697.86,0.49999999999999994,takeprofit_trailing
2025-06-10T01:00:00+00:00,ETH-USDT-SWAP,BUY,2701.99,1.0,entry_multi_indicator
2025-06-10T01:45:00+00:00,ETH-USDT-SWAP,SELL,2707.12,1.0,stoploss_full
2025-06-10T09:45:00+00:00,ETH-USDT-SWAP,BUY,2691.26,1.0,entry_multi_indicator
2025-06-10T11:15:00+00:00,ETH-USDT-SWAP,SELL,2758.83,0.3,takeprofit_r_multiple_2.0
2025-06-10T11:30:00+00:00,ETH-USDT-SWAP,SELL,2788.0,0.3,takeprofit_r_multiple_1.0
2025-06-10T11:45:00+00:00,ETH-USDT-SWAP,SELL,2772.92,0.39999999999999997,takeprofit_trailing
2025-06-10T12:00:00+00:00,ETH-USDT-SWAP,BUY,2753.78,1.0,entry_multi_indicator
2025-06-10T13:30:00+00:00,ETH-USDT-SWAP,SELL,2720.0,1.0,stoploss_full
2025-06-10T19:00:00+00:00,ETH-USDT-SWAP,BUY,2764.29,1.0,entry_multi_indicator
2025-06-10T19:30:00+00:00,ETH-USDT-SWAP,SELL,2781.57,1.0,takeprofit_trailing
2025-06-10T19:45:00+00:00,ETH-USDT-SWAP,BUY,2773.08,1.0,entry_multi_indicator
2025-06-10T20:00:00+00:00,ETH-USDT-SWAP,SELL,2758.53,1.0,takeprofit_trailing
2025-06-10T20:15:00+00:00,ETH-USDT-SWAP,BUY,2759.26,1.0,entry_multi_indicator
2025-06-10T21:00:00+00:00,ETH-USDT-SWAP,SELL,2756.66,1.0,stoploss_full
2025-06-10T22:00:00+00:00,ETH-USDT-SWAP,BUY,2802.87,1.0,entry_multi_indicator
2025-06-10T23:00:00+00:00,ETH-USDT-SWAP,SELL,2792.44,1.0,takeprofit_trailing
2025-06-10T23:15:00+00:00,ETH-USDT-SWAP,BUY,2797.68,1.0,entry_multi_indicator
2025-06-11T00:30:00+00:00,ETH-USDT-SWAP,SELL,2797.54,1.0,stoploss_full
2025-06-11T12:30:00+00:00,ETH-USDT-SWAP,BUY,2813.27,1.0,entry_multi_indicator
2025-06-11T13:30:00+00:00,ETH-USDT-SWAP,SELL,2797.51,1.0,takeprofit_trailing
2025-06-11T14:00:00+00:00,ETH-USDT-SWAP,BUY,2809.63,1.0,entry_multi_indicator
2025-06-11T14:30:00+00:00,ETH-USDT-SWAP,SELL,2846.27,0.3,takeprofit_r_multiple_1.0
2025-06-11T17:30:00+00:00,ETH-USDT-SWAP,SELL,2852.13,0.7,stoploss_full
2025-06-12T14:30:00+00:00,ETH-USDT-SWAP,BUY,2763.45,1.0,entry_multi_indicator
2025-06-12T15:15:00+00:00,ETH-USDT-SWAP,SELL,2747.01,1.0,takeprofit_trailing
2025-06-13T11:45:00+00:00,ETH-USDT-SWAP,BUY,2543.56,1.0,entry_multi_indicator
2025-06-13T12:45:00+00:00,ETH-USDT-SWAP,SELL,2540.73,1.0,takeprofit_trailing
2025-06-13T13:00:00+00:00,ETH-USDT-SWAP,BUY,2541.12,1.0,entry_multi_indicator
2025-06-13T14:00:00+00:00,ETH-USDT-SWAP,SELL,2528.48,1.0,takeprofit_trailing
2025-06-13T16:00:00+00:00,ETH-USDT-SWAP,BUY,2576.64,1.0,entry_multi_indicator
2025-06-13T17:00:00+00:00,ETH-USDT-SWAP,SELL,2547.2,1.0,takeprofit_trailing
2025-06-13T22:45:00+00:00,ETH-USDT-SWAP,BUY,2570.62,1.0,entry_multi_indicator
2025-06-14T00:15:00+00:00,ETH-USDT-SWAP,SELL,2563.34,1.0,takeprofit_trailing
2025-06-14T00:30:00+00:00,ETH-USDT-SWAP,BUY,2566.12,1.0,entry_multi_indicator
2025-06-14T00:45:00+00:00,ETH-USDT-SWAP,SELL,2560.92,1.0,stoploss_full
2025-06-14T21:45:00+00:00,ETH-USDT-SWAP,BUY,2526.98,1.0,entry_multi_indicator
2025-06-14T22:30:00+00:00,ETH-USDT-SWAP,SELL,2519.14,1.0,takeprofit_trailing
2025-06-14T22:45:00+00:00,ETH-USDT-SWAP,BUY,2524.97,1.0,entry_multi_indicator
2025-06-15T01:15:00+00:00,ETH-USDT-SWAP,SELL,2527.01,1.0,takeprofit_trailing
2025-06-15T04:30:00+00:00,ETH-USDT-SWAP,BUY,2538.22,1.0,entry_multi_indicator
2025-06-15T06:00:00+00:00,ETH-USDT-SWAP,SELL,2540.94,1.0,takeprofit_trailing
2025-06-15T13:15:00+00:00,ETH-USDT-SWAP,BUY,2532.1,1.0,entry_multi_indicator
2025-06-15T15:15:00+00:00,ETH-USDT-SWAP,SELL,2549.99,0.3,takeprofit_r_multiple_1.0
2025-06-15T15:45:00+00:00,ETH-USDT-SWAP,SELL,2540.47,0.7,takeprofit_trailing
2025-06-15T16:00:00+00:00,ETH-USDT-SWAP,BUY,2540.33,1.0,entry_multi_indicator
2025-06-15T18:00:00+00:00,ETH-USDT-SWAP,SELL,2545.78,1.0,stoploss_full
2025-06-16T01:45:00+00:00,ETH-USDT-SWAP,BUY,2553.2,1.0,entry_multi_indicator
2025-06-16T05:15:00+00:00,ETH-USDT-SWAP,SELL,2595.84,0.3,takeprofit_r_multiple_1.0
2025-06-16T05:30:00+00:00,ETH-USDT-SWAP,SELL,2605.28,0.3,takeprofit_r_multiple_2.0
2025-06-16T08:45:00+00:00,ETH-USDT-SWAP,SELL,2629.5,0.39999999999999997,stoploss_full
2025-06-16T13:45:00+00:00,ETH-USDT-SWAP,BUY,2638.6,1.0,entry_multi_indicator
2025-06-16T15:15:00+00:00,ETH-USDT-SWAP,SELL,2635.8,1.0,takeprofit_trailing
2025-06-16T15:30:00+00:00,ETH-USDT-SWAP,BUY,2639.45,1.0,entry_multi_indicator
2025-06-16T16:15:00+00:00,ETH-USDT-SWAP,SELL,2635.26,1.0,stoploss_full
2025-06-16T18:45:00+00:00,ETH-USDT-SWAP,BUY,2653.19,1.0,entry_multi_indicator
2025-06-16T19:30:00+00:00,ETH-USDT-SWAP,SELL,2651.9,1.0,takeprofit_trailing
2025-06-16T19:45:00+00:00,ETH-USDT-SWAP,BUY,2659.19,1.0,entry_multi_indicator
2025-06-16T21:00:00+00:00,ETH-USDT-SWAP,SELL,2654.3,1.0,takeprofit_trailing
2025-06-16T21:15:00+00:00,ETH-USDT-SWAP,BUY,2656.57,1.0,entry_multi_indicator
2025-06-16T21:30:00+00:00,ETH-USDT-SWAP,SELL,2648.17,1.0,stoploss_full
2025-06-18T02:15:00+00:00,ETH-USDT-SWAP,BUY,2525.88,1.0,entry_multi_indicator
2025-06-18T02:45:00+00:00,ETH-USDT-SWAP,SELL,2513.79,1.0,stoploss_full
2025-06-18T03:30:00+00:00,ETH-USDT-SWAP,BUY,2529.31,1.0,entry_multi_indicator
2025-06-18T06:15:00+00:00,ETH-USDT-SWAP,SELL,2531.85,1.0,takeprofit_trailing
2025-06-18T08:00:00+00:00,ETH-USDT-SWAP,BUY,2542.04,1.0,entry_multi_indicator
2025-06-18T08:30:00+00:00,ETH-USDT-SWAP,SELL,2527.35,1.0,stoploss_full
2025-06-18T20:45:00+00:00,ETH-USDT-SWAP,BUY,2527.49,1.0,entry_multi_indicator
2025-06-18T23:30:00+00:00,ETH-USDT-SWAP,SELL,2515.0,1.0,takeprofit_trailing
2025-06-19T00:15:00+00:00,ETH-USDT-SWAP,BUY,2534.2,1.0,entry_multi_indicator
2025-06-19T00:45:00+00:00,ETH-USDT-SWAP,SELL,2527.99,1.0,takeprofit_trailing
2025-06-19T09:15:00+00:00,ETH-USDT-SWAP,BUY,2528.88,1.0,entry_multi_indicator
2025-06-19T10:15:00+00:00,ETH-USDT-SWAP,SELL,2541.94,0.3,takeprofit_r_multiple_1.0
2025-06-19T11:00:00+00:00,ETH-USDT-SWAP,SELL,2532.01,0.7,takeprofit_trailing
2025-06-19T22:15:00+00:00,ETH-USDT-SWAP,BUY,2516.69,1.0,entry_multi_indicator
2025-06-20T01:15:00+00:00,ETH-USDT-SWAP,SELL,2516.03,1.0,stoploss_full
2025-06-20T07:15:00+00:00,ETH-USDT-SWAP,BUY,2532.56,1.0,entry_multi_indicator
2025-06-20T07:45:00+00:00,ETH-USDT-SWAP,SELL,2548.15,0.3,takeprofit_r_multiple_1.0
2025-06-20T08:00:00+00:00,ETH-USDT-SWAP,SELL,2563.94,0.3,takeprofit_r_multiple_2.0
2025-06-20T08:30:00+00:00,ETH-USDT-SWAP,SELL,2542.1,0.39999999999999997,takeprofit_trailing
2025-06-20T08:45:00+00:00,ETH-USDT-SWAP,BUY,2552.2,1.0,entry_multi_indicator
2025-06-20T10:45:00+00:00,ETH-USDT-SWAP,SELL,2551.73,1.0,stoploss_full
2025-06-21T08:30:00+00:00,ETH-USDT-SWAP,BUY,2428.01,1.0,entry_multi_indicator
2025-06-21T08:45:00+00:00,ETH-USDT-SWAP,SELL,2440.46,0.3,takeprofit_r_multiple_1.0
2025-06-21T09:00:00+00:00,ETH-USDT-SWAP,SELL,2433.36,0.7,takeprofit_trailing
2025-06-21T09:15:00+00:00,ETH-USDT-SWAP,BUY,2436.0,1.0,entry_multi_indicator
2025-06-21T10:30:00+00:00,ETH-USDT-SWAP,SELL,2437.11,1.0,takeprofit_trailing
2025-06-21T10:45:00+00:00,ETH-USDT-SWAP,BUY,2437.81,1.0,entry_multi_indicator
2025-06-21T12:30:00+00:00,ETH-USDT-SWAP,SELL,2437.92,1.0,stoploss_full
2025-06-22T22:30:00+00:00,ETH-USDT-SWAP,BUY,2232.45,1.0,entry_multi_indicator
2025-06-23T01:15:00+00:00,ETH-USDT-SWAP,SELL,2228.6,1.0,takeprofit_trailing
2025-06-23T01:30:00+00:00,ETH-USDT-SWAP,BUY,2233.81,1.0,entry_multi_indicator
2025-06-23T02:45:00+00:00,ETH-USDT-SWAP,SELL,2237.54,1.0,stoploss_full
2025-06-23T06:00:00+00:00,ETH-USDT-SWAP,BUY,2250.19,1.0,entry_multi_indicator
2025-06-23T06:15:00+00:00,ETH-USDT-SWAP,SELL,2239.5,1.0,stoploss_full
2025-06-23T06:45:00+00:00,ETH-USDT-SWAP,BUY,2249.7,1.0,entry_multi_indicator
2025-06-23T07:15:00+00:00,ETH-USDT-SWAP,SELL,2255.2,1.0,takeprofit_trailing
2025-06-23T07:30:00+00:00,ETH-USDT-SWAP,BUY,2255.62,1.0,entry_multi_indicator
2025-06-23T09:00:00+00:00,ETH-USDT-SWAP,SELL,2256.26,1.0,takeprofit_trailing
2025-06-23T12:45:00+00:00,ETH-USDT-SWAP,BUY,2265.19,1.0,entry_multi_indicator
2025-06-23T13:00:00+00:00,ETH-USDT-SWAP,SELL,2251.72,1.0,takeprofit_trailing
2025-06-23T13:30:00+00:00,ETH-USDT-SWAP,BUY,2287.79,1.0,entry_multi_indicator
2025-06-23T14:15:00+00:00,ETH-USDT-SWAP,SELL,2279.01,1.0,takeprofit_trailing
2025-06-23T14:30:00+00:00,ETH-USDT-SWAP,BUY,2283.49,1.0,entry_multi_indicator
2025-06-23T15:30:00+00:00,ETH-USDT-SWAP,SELL,2259.5,1.0,stoploss_full
2025-06-23T18:30:00+00:00,ETH-USDT-SWAP,BUY,2303.28,1.0,entry_multi_indicator
2025-06-23T20:15:00+00:00,ETH-USDT-SWAP,SELL,2359.69,0.3,takeprofit_r_multiple_1.0
2025-06-23T21:15:00+00:00,ETH-USDT-SWAP,SELL,2343.01,0.7,takeprofit_trailing
2025-06-23T21:30:00+00:00,ETH-USDT-SWAP,BUY,2341.58,1.0,entry_multi_indicator
2025-06-23T22:00:00+00:00,ETH-USDT-SWAP,SELL,2402.51,0.3,takeprofit_r_multiple_1.0
2025-06-23T22:15:00+00:00,ETH-USDT-SWAP,SELL,2424.79,0.3,takeprofit_r_multiple_2.0
2025-06-23T22:30:00+00:00,ETH-USDT-SWAP,SELL,2393.99,0.39999999999999997,takeprofit_trailing
2025-06-23T22:45:00+00:00,ETH-USDT-SWAP,BUY,2405.72,1.0,entry_multi_indicator
2025-06-24T00:15:00+00:00,ETH-USDT-SWAP,SELL,2402.4,1.0,stoploss_full
2025-06-24T05:45:00+00:00,ETH-USDT-SWAP,BUY,2418.76,1.0,entry_multi_indicator
2025-06-24T07:00:00+00:00,ETH-USDT-SWAP,SELL,2417.3,1.0,stoploss_full
2025-06-24T09:45:00+00:00,ETH-USDT-SWAP,BUY,2414.86,1.0,entry_multi_indicator
2025-06-24T10:30:00+00:00,ETH-USDT-SWAP,SELL,2410.44,1.0,stoploss_full
2025-06-24T14:00:00+00:00,ETH-USDT-SWAP,BUY,2427.79,1.0,entry_multi_indicator
2025-06-24T16:30:00+00:00,ETH-USDT-SWAP,SELL,2469.22,0.3,takeprofit_r_multiple_1.0
2025-06-24T17:15:00+00:00,ETH-USDT-SWAP,SELL,2447.6,0.7,takeprofit_trailing
2025-06-24T17:30:00+00:00,ETH-USDT-SWAP,BUY,2454.9,1.0,entry_multi_indicator
2025-06-24T18:15:00+00:00,ETH-USDT-SWAP,SELL,2443.39,1.0,stoploss_full
2025-06-25T00:00:00+00:00,ETH-USDT-SWAP,BUY,2453.8,1.0,entry_multi_indicator
2025-06-25T00:30:00+00:00,ETH-USDT-SWAP,SELL,2440.88,1.0,takeprofit_trailing
2025-06-25T00:45:00+00:00,ETH-USDT-SWAP,BUY,2457.01,1.0,entry_multi_indicator
2025-06-25T02:45:00+00:00,ETH-USDT-SWAP,SELL,2450.46,1.0,stoploss_full
2025-06-25T19:15:00+00:00,ETH-USDT-SWAP,BUY,2434.26,1.0,entry_multi_indicator
2025-06-25T21:00:00+00:00,ETH-USDT-SWAP,SELL,2433.9,1.0,takeprofit_trailing
2025-06-26T01:15:00+00:00,ETH-USDT-SWAP,BUY,2440.22,1.0,entry_multi_indicator
2025-06-26T01:30:00+00:00,ETH-USDT-SWAP,SELL,2455.51,1.0,takeprofit_trailing
2025-06-26T01:45:00+00:00,ETH-USDT-SWAP,BUY,2457.69,1.0,entry_multi_indicator
2025-06-26T02:45:00+00:00,ETH-USDT-SWAP,SELL,2491.82,0.3,takeprofit_r_multiple_1.0
2025-06-26T03:00:00+00:00,ETH-USDT-SWAP,SELL,2499.42,0.2,takeprofit_rsi_partial
2025-06-26T03:15:00+00:00,ETH-USDT-SWAP,SELL,2490.85,0.49999999999999994,takeprofit_trailing
2025-06-26T03:30:00+00:00,ETH-USDT-SWAP,BUY,2484.21,1.0,entry_multi_indicator
2025-06-26T04:45:00+00:00,ETH-USDT-SWAP,SELL,2479.7,1.0,stoploss_full
2025-06-26T20:30:00+00:00,ETH-USDT-SWAP,BUY,2455.75,1.0,entry_multi_indicator
2025-06-26T21:00:00+00:00,ETH-USDT-SWAP,SELL,2421.89,1.0,stoploss_full
2025-06-27T03:00:00+00:00,ETH-USDT-SWAP,BUY,2432.17,1.0,entry_multi_indicator
2025-06-27T05:15:00+00:00,ETH-USDT-SWAP,SELL,2435.38,1.0,takeprofit_trailing
2025-06-27T07:00:00+00:00,ETH-USDT-SWAP,BUY,2450.97,1.0,entry_multi_indicator
2025-06-27T07:15:00+00:00,ETH-USDT-SWAP,SELL,2444.59,1.0,stoploss_full
2025-06-27T09:30:00+00:00,ETH-USDT-SWAP,BUY,2455.0,1.0,entry_multi_indicator
2025-06-27T10:45:00+00:00,ETH-USDT-SWAP,SELL,2445.0,1.0,stoploss_full
2025-06-28T05:00:00+00:00,ETH-USDT-SWAP,BUY,2426.91,1.0,entry_multi_indicator
2025-06-28T05:30:00+00:00,ETH-USDT-SWAP,SELL,2418.26,1.0,takeprofit_trailing
2025-06-28T06:00:00+00:00,ETH-USDT-SWAP,BUY,2425.54,1.0,entry_multi_indicator
2025-06-28T08:00:00+00:00,ETH-USDT-SWAP,SELL,2421.31,1.0,takeprofit_trailing
2025-06-28T15:45:00+00:00,ETH-USDT-SWAP,BUY,2434.76,1.0,entry_multi_indicator
2025-06-28T16:15:00+00:00,ETH-USDT-SWAP,SELL,2435.89,1.0,takeprofit_trailing
2025-06-28T16:30:00+00:00,ETH-USDT-SWAP,BUY,2432.62,1.0,entry_multi_indicator
2025-06-28T18:15:00+00:00,ETH-USDT-SWAP,SELL,2436.82,1.0,takeprofit_trailing
2025-06-29T06:45:00+00:00,ETH-USDT-SWAP,BUY,2435.61,1.0,entry_multi_indicator
2025-06-29T08:30:00+00:00,ETH-USDT-SWAP,SELL,2445.09,0.3,takeprofit_r_multiple_1.0
2025-06-29T09:30:00+00:00,ETH-USDT-SWAP,SELL,2452.24,0.3,takeprofit_r_multiple_2.0
2025-06-29T09:45:00+00:00,ETH-USDT-SWAP,SELL,2446.64,0.39999999999999997,takeprofit_trailing
2025-06-29T10:00:00+00:00,ETH-USDT-SWAP,BUY,2454.41,1.0,entry_multi_indicator
2025-06-29T12:15:00+00:00,ETH-USDT-SWAP,SELL,2452.52,1.0,stoploss_full
2025-06-29T22:00:00+00:00,ETH-USDT-SWAP,BUY,2444.47,1.0,entry_multi_indicator
2025-06-29T22:15:00+00:00,ETH-USDT-SWAP,SELL,2477.94,0.3,takeprofit_r_multiple_2.0
2025-06-29T22:30:00+00:00,ETH-USDT-SWAP,SELL,2492.09,0.3,takeprofit_r_multiple_1.0
2025-06-29T23:00:00+00:00,ETH-USDT-SWAP,SELL,2506.23,0.2,takeprofit_rsi_partial
2025-06-29T23:30:00+00:00,ETH-USDT-SWAP,SELL,2498.75,0.19999999999999996,takeprofit_trailing
2025-06-29T23:45:00+00:00,ETH-USDT-SWAP,BUY,2499.48,1.0,entry_multi_indicator
2025-06-30T02:00:00+00:00,ETH-USDT-SWAP,SELL,2510.1,1.0,stoploss_full
2025-06-30T16:45:00+00:00,ETH-USDT-SWAP,BUY,2473.94,1.0,entry_multi_indicator
2025-06-30T19:15:00+00:00,ETH-USDT-SWAP,SELL,2508.49,0.3,takeprofit_r_multiple_1.0
2025-06-30T20:45:00+00:00,ETH-USDT-SWAP,SELL,2501.81,0.7,takeprofit_trailing
2025-06-30T21:00:00+00:00,ETH-USDT-SWAP,BUY,2500.7,1.0,entry_multi_indicator
2025-06-30T21:15:00+00:00,ETH-USDT-SWAP,SELL,2494.3,1.0,stoploss_full
2025-07-02T03:00:00+00:00,ETH-USDT-SWAP,BUY,2423.4,1.0,entry_multi_indicator
2025-07-02T05:45:00+00:00,ETH-USDT-SWAP,SELL,2442.84,0.3,takeprofit_r_multiple_1.0
2025-07-02T07:00:00+00:00,ETH-USDT-SWAP,SELL,2441.42,0.7,takeprofit_trailing
2025-07-02T07:15:00+00:00,ETH-USDT-SWAP,BUY,2441.86,1.0,entry_multi_indicator
2025-07-02T08:30:00+00:00,ETH-USDT-SWAP,SELL,2448.19,1.0,stoploss_full
2025-07-02T11:00:00+00:00,ETH-USDT-SWAP,BUY,2456.99,1.0,entry_multi_indicator
2025-07-02T11:30:00+00:00,ETH-USDT-SWAP,SELL,2447.0,1.0,takeprofit_trailing
2025-07-02T14:15:00+00:00,ETH-USDT-SWAP,BUY,2463.17,1.0,entry_multi_indicator
2025-07-02T15:00:00+00:00,ETH-USDT-SWAP,SELL,2490.11,0.3,takeprofit_r_multiple_1.0
2025-07-02T16:00:00+00:00,ETH-USDT-SWAP,SELL,2533.99,0.3,takeprofit_r_multiple_2.0
2025-07-02T16:15:00+00:00,ETH-USDT-SWAP,SELL,2537.72,0.2,takeprofit_rsi_partial
2025-07-02T16:30:00+00:00,ETH-USDT-SWAP,SELL,2542.55,0.19999999999999996,takeprofit_rsi_partial
2025-07-02T16:45:00+00:00,ETH-USDT-SWAP,BUY,2559.99,1.0,entry_multi_indicator
2025-07-02T17:00:00+00:00,ETH-USDT-SWAP,SELL,2563.11,0.2,takeprofit_rsi_partial
2025-07-02T17:15:00+00:00,ETH-USDT-SWAP,SELL,2580.39,0.2,takeprofit_rsi_partial
2025-07-02T18:30:00+00:00,ETH-USDT-SWAP,SELL,2576.9,0.2,takeprofit_rsi_partial
2025-07-02T18:45:00+00:00,ETH-USDT-SWAP,SELL,2581.49,0.2,takeprofit_rsi_partial
2025-07-02T19:30:00+00:00,ETH-USDT-SWAP,SELL,2580.97,0.20000000000000007,stoploss_full
2025-07-02T19:45:00+00:00,ETH-USDT-SWAP,BUY,2603.62,1.0,entry_multi_indicator
2025-07-02T20:30:00+00:00,ETH-USDT-SWAP,SELL,2600.01,1.0,stoploss_full
2025-07-03T05:30:00+00:00,ETH-USDT-SWAP,BUY,2586.59,1.0,entry_multi_indicator
2025-07-03T08:45:00+00:00,ETH-USDT-SWAP,SELL,2586.91,1.0,stoploss_full
2025-07-03T09:30:00+00:00,ETH-USDT-SWAP,BUY,2613.79,1.0,entry_multi_indicator
2025-07-03T09:45:00+00:00,ETH-USDT-SWAP,SELL,2597.95,1.0,takeprofit_trailing
2025-07-03T13:30:00+00:00,ETH-USDT-SWAP,BUY,2621.01,1.0,entry_multi_indicator
2025-07-03T14:15:00+00:00,ETH-USDT-SWAP,SELL,2602.51,1.0,takeprofit_trailing
2025-07-03T20:45:00+00:00,ETH-USDT-SWAP,BUY,2598.34,1.0,entry_multi_indicator
2025-07-03T21:30:00+00:00,ETH-USDT-SWAP,SELL,2590.79,1.0,takeprofit_trailing
2025-07-03T21:45:00+00:00,ETH-USDT-SWAP,BUY,2594.43,1.0,entry_multi_indicator
2025-07-03T22:15:00+00:00,ETH-USDT-SWAP,SELL,2590.16,1.0,takeprofit_trailing
2025-07-04T22:00:00+00:00,ETH-USDT-SWAP,BUY,2502.01,1.0,entry_multi_indicator
2025-07-04T22:45:00+00:00,ETH-USDT-SWAP,SELL,2519.12,0.3,takeprofit_r_multiple_1.0
2025-07-04T23:30:00+00:00,ETH-USDT-SWAP,SELL,2504.26,0.7,takeprofit_trailing
2025-07-05T00:00:00+00:00,ETH-USDT-SWAP,BUY,2513.42,1.0,entry_multi_indicator
2025-07-05T02:15:00+00:00,ETH-USDT-SWAP,SELL,2506.03,1.0,stoploss_full
2025-07-05T03:15:00+00:00,ETH-USDT-SWAP,BUY,2519.99,1.0,entry_multi_indicator
2025-07-05T05:00:00+00:00,ETH-USDT-SWAP,SELL,2514.61,1.0,stoploss_full
2025-07-05T06:15:00+00:00,ETH-USDT-SWAP,BUY,2523.8,1.0,entry_multi_indicator
2025-07-05T07:45:00+00:00,ETH-USDT-SWAP,SELL,2520.11,1.0,stoploss_full
2025-07-05T21:30:00+00:00,ETH-USDT-SWAP,BUY,2515.0,1.0,entry_multi_indicator
2025-07-06T00:00:00+00:00,ETH-USDT-SWAP,SELL,2512.61,1.0,takeprofit_trailing
2025-07-06T00:15:00+00:00,ETH-USDT-SWAP,BUY,2515.41,1.0,entry_multi_indicator
2025-07-06T01:15:00+00:00,ETH-USDT-SWAP,SELL,2512.76,1.0,stoploss_full
2025-07-06T06:15:00+00:00,ETH-USDT-SWAP,BUY,2519.19,1.0,entry_multi_indicator
2025-07-06T06:30:00+00:00,ETH-USDT-SWAP,SELL,2519.32,1.0,takeprofit_trailing
2025-07-06T06:45:00+00:00,ETH-USDT-SWAP,BUY,2520.49,1.0,entry_multi_indicator
2025-07-06T07:45:00+00:00,ETH-USDT-SWAP,SELL,2516.57,1.0,takeprofit_trailing
2025-07-06T12:45:00+00:00,ETH-USDT-SWAP,BUY,2518.99,1.0,entry_multi_indicator
2025-07-06T13:15:00+00:00,ETH-USDT-SWAP,SELL,2533.56,0.3,takeprofit_r_multiple_1.0
2025-07-06T13:30:00+00:00,ETH-USDT-SWAP,SELL,2540.8,0.3,takeprofit_r_multiple_2.0
2025-07-06T13:45:00+00:00,ETH-USDT-SWAP,SELL,2557.19,0.39999999999999997,takeprofit_trailing
2025-07-06T14:00:00+00:00,ETH-USDT-SWAP,BUY,2553.22,1.0,entry_multi_indicator
2025-07-06T14:30:00+00:00,ETH-USDT-SWAP,SELL,2551.79,1.0,takeprofit_trailing
2025-07-06T14:45:00+00:00,ETH-USDT-SWAP,BUY,2558.0,1.0,entry_multi_indicator
2025-07-06T16:30:00+00:00,ETH-USDT-SWAP,SELL,2545.51,1.0,stoploss_full
2025-07-06T21:15:00+00:00,ETH-USDT-SWAP,BUY,2564.38,1.0,entry_multi_indicator
2025-07-06T21:30:00+00:00,ETH-USDT-SWAP,SELL,2595.2,0.3,takeprofit_r_multiple_1.0
2025-07-06T22:15:00+00:00,ETH-USDT-SWAP,SELL,2597.8,0.3,takeprofit_r_multiple_2.0
2025-07-06T22:30:00+00:00,ETH-USDT-SWAP,SELL,2586.51,0.39999999999999997,takeprofit_trailing
2025-07-06T22:45:00+00:00,ETH-USDT-SWAP,BUY,2581.42,1.0,entry_multi_indicator
2025-07-06T23:15:00+00:00,ETH-USDT-SWAP,SELL,2563.74,1.0,takeprofit_trailing
2025-07-07T08:30:00+00:00,ETH-USDT-SWAP,BUY,2582.89,1.0,entry_multi_indicator
2025-07-07T09:30:00+00:00,ETH-USDT-SWAP,SELL,2574.58,1.0,takeprofit_trailing
2025-07-08T00:15:00+00:00,ETH-USDT-SWAP,BUY,2551.94,1.0,entry_multi_indicator
2025-07-08T00:45:00+00:00,ETH-USDT-SWAP,SELL,2539.29,1.0,takeprofit_trailing
2025-07-08T05:30:00+00:00,ETH-USDT-SWAP,BUY,2548.47,1.0,entry_multi_indicator
2025-07-08T07:00:00+00:00,ETH-USDT-SWAP,SELL,2551.84,1.0,takeprofit_trailing
2025-07-08T07:15:00+00:00,ETH-USDT-SWAP,BUY,2548.97,1.0,entry_multi_indicator
2025-07-08T08:15:00+00:00,ETH-USDT-SWAP,SELL,2551.12,1.0,takeprofit_trailing
2025-07-08T10:30:00+00:00,ETH-USDT-SWAP,BUY,2563.36,1.0,entry_multi_indicator
2025-07-08T11:00:00+00:00,ETH-USDT-SWAP,SELL,2578.14,0.3,takeprofit_r_multiple_1.0
2025-07-08T11:45:00+00:00,ETH-USDT-SWAP,SELL,2573.84,0.7,takeprofit_trailing
2025-07-08T12:00:00+00:00,ETH-USDT-SWAP,BUY,2577.99,1.0,entry_multi_indicator
2025-07-08T13:45:00+00:00,ETH-USDT-SWAP,SELL,2586.62,1.0,takeprofit_trailing
2025-07-08T17:00:00+00:00,ETH-USDT-SWAP,BUY,2612.62,1.0,entry_multi_indicator
2025-07-08T19:30:00+00:00,ETH-USDT-SWAP,SELL,2604.69,1.0,takeprofit_trailing
2025-07-09T01:00:00+00:00,ETH-USDT-SWAP,BUY,2618.97,1.0,entry_multi_indicator
2025-07-09T01:15:00+00:00,ETH-USDT-SWAP,SELL,2605.62,1.0,takeprofit_trailing
2025-07-09T05:30:00+00:00,ETH-USDT-SWAP,BUY,2634.64,1.0,entry_multi_indicator
2025-07-09T05:45:00+00:00,ETH-USDT-SWAP,SELL,2626.82,1.0,takeprofit_trailing
2025-07-09T06:00:00+00:00,ETH-USDT-SWAP,BUY,2620.27,1.0,entry_multi_indicator
2025-07-09T08:30:00+00:00,ETH-USDT-SWAP,SELL,2620.02,1.0,stoploss_full
2025-07-09T12:00:00+00:00,ETH-USDT-SWAP,BUY,2651.86,1.0,entry_multi_indicator
2025-07-09T13:45:00+00:00,ETH-USDT-SWAP,SELL,2653.35,1.0,takeprofit_trailing
2025-07-09T14:00:00+00:00,ETH-USDT-SWAP,BUY,2656.99,1.0,entry_multi_indicator
2025-07-09T14:15:00+00:00,ETH-USDT-SWAP,SELL,2648.55,1.0,takeprofit_trailing
2025-07-09T16:45:00+00:00,ETH-USDT-SWAP,BUY,2665.0,1.0,entry_multi_indicator
2025-07-09T17:30:00+00:00,ETH-USDT-SWAP,SELL,2656.89,1.0,stoploss_full
2025-07-09T18:00:00+00:00,ETH-USDT-SWAP,BUY,2712.64,1.0,entry_multi_indicator
2025-07-09T19:15:00+00:00,ETH-USDT-SWAP,SELL,2740.91,0.3,takeprofit_r_multiple_1.0
2025-07-09T19:30:00+00:00,ETH-USDT-SWAP,SELL,2761.8,0.2,takeprofit_rsi_partial
2025-07-09T19:45:00+00:00,ETH-USDT-SWAP,SELL,2764.18,0.49999999999999994,takeprofit_trailing
2025-07-09T20:00:00+00:00,ETH-USDT-SWAP,BUY,2748.76,1.0,entry_multi_indicator
2025-07-09T21:45:00+00:00,ETH-USDT-SWAP,SELL,2752.59,1.0,stoploss_full
2025-07-09T22:00:00+00:00,ETH-USDT-SWAP,BUY,2775.29,1.0,entry_multi_indicator
2025-07-09T23:00:00+00:00,ETH-USDT-SWAP,SELL,2770.94,1.0,stoploss_full
2025-07-10T02:00:00+00:00,ETH-USDT-SWAP,BUY,2785.03,1.0,entry_multi_indicator
2025-07-10T02:30:00+00:00,ETH-USDT-SWAP,SELL,2777.34,1.0,takeprofit_trailing
2025-07-10T06:45:00+00:00,ETH-USDT-SWAP,BUY,2793.8,1.0,entry_multi_indicator
2025-07-10T07:00:00+00:00,ETH-USDT-SWAP,SELL,2815.99,0.3,takeprofit_r_multiple_1.0
2025-07-10T07:30:00+00:00,ETH-USDT-SWAP,SELL,2794.24,0.7,takeprofit_trailing
2025-07-10T07:45:00+00:00,ETH-USDT-SWAP,BUY,2789.58,1.0,entry_multi_indicator
2025-07-10T08:00:00+00:00,ETH-USDT-SWAP,SELL,2783.92,1.0,stoploss_full
2025-07-10T16:15:00+00:00,ETH-USDT-SWAP,BUY,2805.0,1.0,entry_multi_indicator
2025-07-10T18:15:00+00:00,ETH-USDT-SWAP,SELL,2809.08,1.0,takeprofit_trailing
2025-07-10T18:45:00+00:00,ETH-USDT-SWAP,BUY,2809.98,1.0,entry_multi_indicator
2025-07-10T19:45:00+00:00,ETH-USDT-SWAP,SELL,2814.37,1.0,stoploss_full
2025-07-10T21:15:00+00:00,ETH-USDT-SWAP,BUY,2905.4,1.0,entry_multi_indicator
2025-07-10T21:30:00+00:00,ETH-USDT-SWAP,SELL,2957.84,0.3,takeprofit_r_multiple_1.0
2025-07-10T21:45:00+00:00,ETH-USDT-SWAP,SELL,2971.69,0.2,takeprofit_rsi_partial
2025-07-10T22:00:00+00:00,ETH-USDT-SWAP,SELL,2959.79,0.49999999999999994,takeprofit_trailing
2025-07-10T22:15:00+00:00,ETH-USDT-SWAP,BUY,2955.0,1.0,entry_multi_indicator
2025-07-10T22:30:00+00:00,ETH-USDT-SWAP,SELL,2963.1,0.2,takeprofit_rsi_partial
2025-07-10T22:45:00+00:00,ETH-USDT-SWAP,SELL,2972.82,0.2,takeprofit_rsi_partial
2025-07-11T00:00:00+00:00,ETH-USDT-SWAP,SELL,2943.2,0.6000000000000001,stoploss_full
2025-07-11T05:00:00+00:00,ETH-USDT-SWAP,BUY,2987.26,1.0,entry_multi_indicator
2025-07-11T05:45:00+00:00,ETH-USDT-SWAP,SELL,3003.96,1.0,takeprofit_trailing
2025-07-11T06:00:00+00:00,ETH-USDT-SWAP,BUY,3011.06,1.0,entry_multi_indicator
2025-07-11T06:45:00+00:00,ETH-USDT-SWAP,SELL,2988.54,1.0,stoploss_full
2025-07-11T09:30:00+00:00,ETH-USDT-SWAP,BUY,3023.25,1.0,entry_multi_indicator
2025-07-11T10:00:00+00:00,ETH-USDT-SWAP,SELL,2998.01,1.0,stoploss_full
2025-07-11T19:45:00+00:00,ETH-USDT-SWAP,BUY,3006.79,1.0,entry_multi_indicator
2025-07-11T20:30:00+00:00,ETH-USDT-SWAP,SELL,2981.18,1.0,takeprofit_trailing
2025-07-12T09:30:00+00:00,ETH-USDT-SWAP,BUY,2975.61,1.0,entry_multi_indicator
2025-07-12T11:30:00+00:00,ETH-USDT-SWAP,SELL,2963.79,1.0,stoploss_full
2025-07-13T00:15:00+00:00,ETH-USDT-SWAP,BUY,2945.2,1.0,entry_multi_indicator
2025-07-13T02:15:00+00:00,ETH-USDT-SWAP,SELL,2940.23,1.0,takeprofit_trailing
2025-07-13T02:30:00+00:00,ETH-USDT-SWAP,BUY,2945.98,1.0,entry_multi_indicator
2025-07-13T05:30:00+00:00,ETH-USDT-SWAP,SELL,2952.18,1.0,stoploss_full
2025-07-13T06:45:00+00:00,ETH-USDT-SWAP,BUY,2958.0,1.0,entry_multi_indicator
2025-07-13T08:15:00+00:00,ETH-USDT-SWAP,SELL,2957.39,1.0,stoploss_full
2025-07-13T11:15:00+00:00,ETH-USDT-SWAP,BUY,2962.8,1.0,entry_multi_indicator
2025-07-13T12:45:00+00:00,ETH-USDT-SWAP,SELL,2984.94,0.3,takeprofit_r_multiple_1.0
2025-07-13T13:00:00+00:00,ETH-USDT-SWAP,SELL,2973.74,0.7,takeprofit_trailing
2025-07-13T13:15:00+00:00,ETH-USDT-SWAP,BUY,2978.19,1.0,entry_multi_indicator
2025-07-13T14:15:00+00:00,ETH-USDT-SWAP,SELL,3006.1,0.3,takeprofit_r_multiple_1.0
2025-07-13T14:30:00+00:00,ETH-USDT-SWAP,SELL,2988.91,0.7,takeprofit_trailing
2025-07-13T14:45:00+00:00,ETH-USDT-SWAP,BUY,2986.8,1.0,entry_multi_indicator
2025-07-13T16:00:00+00:00,ETH-USDT-SWAP,SELL,2987.61,1.0,stoploss_full
2025-07-14T02:15:00+00:00,ETH-USDT-SWAP,BUY,3001.89,1.0,entry_multi_indicator
2025-07-14T03:30:00+00:00,ETH-USDT-SWAP,SELL,3044.79,0.3,takeprofit_r_multiple_1.0
2025-07-14T04:45:00+00:00,ETH-USDT-SWAP,SELL,3053.16,0.3,takeprofit_r_multiple_2.0
2025-07-14T05:30:00+00:00,ETH-USDT-SWAP,SELL,3034.81,0.39999999999999997,takeprofit_trailing
2025-07-14T05:45:00+00:00,ETH-USDT-SWAP,BUY,3040.76,1.0,entry_multi_indicator
2025-07-14T06:00:00+00:00,ETH-USDT-SWAP,SELL,3029.54,1.0,stoploss_full
2025-07-14T09:30:00+00:00,ETH-USDT-SWAP,BUY,3061.8,1.0,entry_multi_indicator
2025-07-14T09:45:00+00:00,ETH-USDT-SWAP,SELL,3045.01,1.0,takeprofit_trailing
2025-07-14T10:15:00+00:00,ETH-USDT-SWAP,BUY,3060.12,1.0,entry_multi_indicator
2025-07-14T11:45:00+00:00,ETH-USDT-SWAP,SELL,3052.42,1.0,takeprofit_trailing
2025-07-15T12:45:00+00:00,ETH-USDT-SWAP,BUY,3000.3,1.0,entry_multi_indicator
2025-07-15T13:15:00+00:00,ETH-USDT-SWAP,SELL,3031.01,0.3,takeprofit_r_multiple_1.0
2025-07-15T14:00:00+00:00,ETH-USDT-SWAP,SELL,3062.87,0.3,takeprofit_r_multiple_2.0
2025-07-15T14:30:00+00:00,ETH-USDT-SWAP,SELL,3016.5,0.39999999999999997,takeprofit_trailing
2025-07-15T17:15:00+00:00,ETH-USDT-SWAP,BUY,3075.31,1.0,entry_multi_indicator
2025-07-15T18:30:00+00:00,ETH-USDT-SWAP,SELL,3058.24,1.0,takeprofit_trailing
2025-07-15T18:45:00+00:00,ETH-USDT-SWAP,BUY,3066.32,1.0,entry_multi_indicator
2025-07-15T19:15:00+00:00,ETH-USDT-SWAP,SELL,3071.74,1.0,stoploss_full
2025-07-15T23:00:00+00:00,ETH-USDT-SWAP,BUY,3123.91,1.0,entry_multi_indicator
2025-07-16T02:00:00+00:00,ETH-USDT-SWAP,SELL,3133.91,1.0,stoploss_full
2025-07-16T05:30:00+00:00,ETH-USDT-SWAP,BUY,3145.01,1.0,entry_multi_indicator
2025-07-16T09:15:00+00:00,ETH-USDT-SWAP,SELL,3163.76,1.0,stoploss_full
2025-07-16T12:45:00+00:00,ETH-USDT-SWAP,BUY,3164.66,1.0,entry_multi_indicator
2025-07-16T13:45:00+00:00,ETH-USDT-SWAP,SELL,3195.44,0.3,takeprofit_r_multiple_1.0
2025-07-16T14:00:00+00:00,ETH-USDT-SWAP,SELL,3180.01,0.7,takeprofit_trailing
2025-07-16T14:15:00+00:00,ETH-USDT-SWAP,BUY,3196.11,1.0,entry_multi_indicator
2025-07-16T14:30:00+00:00,ETH-USDT-SWAP,SELL,3234.98,0.3,takeprofit_r_multiple_1.0
2025-07-16T15:30:00+00:00,ETH-USDT-SWAP,SELL,3231.99,0.7,takeprofit_trailing
2025-07-16T15:45:00+00:00,ETH-USDT-SWAP,BUY,3244.12,1.0,entry_multi_indicator
2025-07-16T17:45:00+00:00,ETH-USDT-SWAP,SELL,3317.53,0.3,takeprofit_r_multiple_1.0
2025-07-16T18:00:00+00:00,ETH-USDT-SWAP,SELL,3338.34,0.2,takeprofit_rsi_partial
2025-07-16T18:15:00+00:00,ETH-USDT-SWAP,SELL,3344.0,0.2,takeprofit_rsi_partial
2025-07-16T18:30:00+00:00,ETH-USDT-SWAP,SELL,3355.5,0.29999999999999993,takeprofit_r_multiple_2.0
2025-07-16T18:45:00+00:00,ETH-USDT-SWAP,BUY,3335.99,1.0,entry_multi_indicator
2025-07-16T19:45:00+00:00,ETH-USDT-SWAP,SELL,3383.05,0.2,takeprofit_rsi_partial
2025-07-16T20:00:00+00:00,ETH-USDT-SWAP,SELL,3390.79,0.2,takeprofit_rsi_partial
2025-07-16T20:15:00+00:00,ETH-USDT-SWAP,SELL,3413.51,0.3,takeprofit_r_multiple_1.0
2025-07-16T20:45:00+00:00,ETH-USDT-SWAP,SELL,3379.92,0.3000000000000001,takeprofit_trailing
2025-07-17T06:15:00+00:00,ETH-USDT-SWAP,BUY,3424.25,1.0,entry_multi_indicator
2025-07-17T08:15:00+00:00,ETH-USDT-SWAP,SELL,3433.67,1.0,takeprofit_trailing
2025-07-17T08:30:00+00:00,ETH-USDT-SWAP,BUY,3436.79,1.0,entry_multi_indicator
2025-07-17T10:30:00+00:00,ETH-USDT-SWAP,SELL,3456.45,1.0,stoploss_full
2025-07-17T19:00:00+00:00,ETH-USDT-SWAP,BUY,3441.83,1.0,entry_multi_indicator
2025-07-17T19:45:00+00:00,ETH-USDT-SWAP,SELL,3411.02,1.0,takeprofit_trailing
2025-07-17T21:00:00+00:00,ETH-USDT-SWAP,BUY,3484.59,1.0,entry_multi_indicator
2025-07-17T23:45:00+00:00,ETH-USDT-SWAP,SELL,3476.41,1.0,takeprofit_trailing
2025-07-18T00:30:00+00:00,ETH-USDT-SWAP,BUY,3515.96,1.0,entry_multi_indicator
2025-07-18T01:00:00+00:00,ETH-USDT-SWAP,SELL,3574.78,0.3,takeprofit_r_multiple_1.0
2025-07-18T03:45:00+00:00,ETH-USDT-SWAP,SELL,3596.54,0.7,stoploss_full
2025-07-18T05:30:00+00:00,ETH-USDT-SWAP,BUY,3649.0,1.0,entry_multi_indicator
2025-07-18T06:30:00+00:00,ETH-USDT-SWAP,SELL,3652.73,1.0,stoploss_full
2025-07-18T13:30:00+00:00,ETH-USDT-SWAP,BUY,3639.18,1.0,entry_multi_indicator
2025-07-18T14:15:00+00:00,ETH-USDT-SWAP,SELL,3598.61,1.0,takeprofit_trailing
2025-07-19T03:00:00+00:00,ETH-USDT-SWAP,BUY,3585.5,1.0,entry_multi_indicator
2025-07-19T05:00:00+00:00,ETH-USDT-SWAP,SELL,3581.28,1.0,takeprofit_trailing
2025-07-19T05:15:00+00:00,ETH-USDT-SWAP,BUY,3583.0,1.0,entry_multi_indicator
2025-07-19T06:00:00+00:00,ETH-USDT-SWAP,SELL,3576.09,1.0,stoploss_full
2025-07-19T19:30:00+00:00,ETH-USDT-SWAP,BUY,3578.69,1.0,entry_multi_indicator
2025-07-19T20:45:00+00:00,ETH-USDT-SWAP,SELL,3564.01,1.0,takeprofit_trailing
2025-07-19T22:00:00+00:00,ETH-USDT-SWAP,BUY,3579.67,1.0,entry_multi_indicator
2025-07-20T01:30:00+00:00,ETH-USDT-SWAP,SELL,3611.94,0.3,takeprofit_r_multiple_1.0
2025-07-20T01:45:00+00:00,ETH-USDT-SWAP,SELL,3605.0,0.7,takeprofit_trailing
2025-07-20T02:00:00+00:00,ETH-USDT-SWAP,BUY,3608.9,1.0,entry_multi_indicator
2025-07-20T03:30:00+00:00,ETH-USDT-SWAP,SELL,3672.71,0.3,takeprofit_r_multiple_2.0
2025-07-20T03:45:00+00:00,ETH-USDT-SWAP,SELL,3658.83,0.7,takeprofit_trailing
2025-07-20T04:00:00+00:00,ETH-USDT-SWAP,BUY,3643.99,1.0,entry_multi_indicator
2025-07-20T05:15:00+00:00,ETH-USDT-SWAP,SELL,3639.59,1.0,stoploss_full
2025-07-20T07:30:00+00:00,ETH-USDT-SWAP,BUY,3681.3,1.0,entry_multi_indicator
2025-07-20T08:45:00+00:00,ETH-USDT-SWAP,SELL,3710.34,0.3,takeprofit_r_multiple_1.0
2025-07-20T09:15:00+00:00,ETH-USDT-SWAP,SELL,3698.14,0.7,takeprofit_trailing
2025-07-20T09:30:00+00:00,ETH-USDT-SWAP,BUY,3709.01,1.0,entry_multi_indicator
2025-07-20T10:30:00+00:00,ETH-USDT-SWAP,SELL,3699.12,1.0,stoploss_full
2025-07-20T11:30:00+00:00,ETH-USDT-SWAP,BUY,3731.1,1.0,entry_multi_indicator
2025-07-20T12:15:00+00:00,ETH-USDT-SWAP,SELL,3730.74,1.0,takeprofit_trailing
2025-07-20T12:30:00+00:00,ETH-USDT-SWAP,BUY,3736.7,1.0,entry_multi_indicator
2025-07-20T13:30:00+00:00,ETH-USDT-SWAP,SELL,3739.02,1.0,stoploss_full
2025-07-20T15:45:00+00:00,ETH-USDT-SWAP,BUY,3785.5,1.0,entry_multi_indicator
2025-07-20T17:00:00+00:00,ETH-USDT-SWAP,SELL,3776.41,1.0,takeprofit_trailing
2025-07-21T04:00:00+00:00,ETH-USDT-SWAP,BUY,3763.56,1.0,entry_multi_indicator
2025-07-21T05:00:00+00:00,ETH-USDT-SWAP,SELL,3754.51,1.0,takeprofit_trailing
2025-07-21T05:30:00+00:00,ETH-USDT-SWAP,BUY,3769.95,1.0,entry_multi_indicator
2025-07-21T06:15:00+00:00,ETH-USDT-SWAP,SELL,3804.0,0.3,takeprofit_r_multiple_1.0
2025-07-21T06:30:00+00:00,ETH-USDT-SWAP,SELL,3786.19,0.7,takeprofit_trailing
2025-07-21T06:45:00+00:00,ETH-USDT-SWAP,BUY,3788.0,1.0,entry_multi_indicator
2025-07-21T08:45:00+00:00,ETH-USDT-SWAP,SELL,3777.83,1.0,stoploss_full
2025-07-21T10:45:00+00:00,ETH-USDT-SWAP,BUY,3812.0,1.0,entry_multi_indicator
2025-07-21T12:00:00+00:00,ETH-USDT-SWAP,SELL,3804.88,1.0,takeprofit_trailing
2025-07-21T12:15:00+00:00,ETH-USDT-SWAP,BUY,3816.6,1.0,entry_multi_indicator
2025-07-21T13:00:00+00:00,ETH-USDT-SWAP,SELL,3778.01,1.0,stoploss_full
2025-07-21T14:15:00+00:00,ETH-USDT-SWAP,BUY,3836.71,1.0,entry_multi_indicator
2025-07-21T15:30:00+00:00,ETH-USDT-SWAP,SELL,3818.8,1.0,takeprofit_trailing
2025-07-22T01:45:00+00:00,ETH-USDT-SWAP,BUY,3794.99,1.0,entry_multi_indicator
2025-07-22T02:45:00+00:00,ETH-USDT-SWAP,SELL,3738.02,1.0,stoploss_full
2025-07-22T15:00:00+00:00,ETH-USDT-SWAP,BUY,3708.37,1.0,entry_multi_indicator
2025-07-22T17:00:00+00:00,ETH-USDT-SWAP,SELL,3691.4,1.0,takeprofit_trailing
2025-07-22T22:45:00+00:00,ETH-USDT-SWAP,BUY,3720.4,1.0,entry_multi_indicator
2025-07-23T00:15:00+00:00,ETH-USDT-SWAP,SELL,3734.95,1.0,takeprofit_trailing
2025-07-23T00:30:00+00:00,ETH-USDT-SWAP,BUY,3742.99,1.0,entry_multi_indicator
2025-07-23T00:45:00+00:00,ETH-USDT-SWAP,SELL,3726.5,1.0,takeprofit_trailing
2025-07-23T02:15:00+00:00,ETH-USDT-SWAP,BUY,3750.0,1.0,entry_multi_indicator
2025-07-23T02:30:00+00:00,ETH-USDT-SWAP,SELL,3732.49,1.0,stoploss_full
2025-07-23T02:45:00+00:00,ETH-USDT-SWAP,BUY,3746.32,1.0,entry_multi_indicator
2025-07-23T03:00:00+00:00,ETH-USDT-SWAP,SELL,3741.48,1.0,stoploss_full
2025-07-23T03:15:00+00:00,ETH-USDT-SWAP,BUY,3755.0,1.0,entry_multi_indicator
2025-07-23T03:45:00+00:00,ETH-USDT-SWAP,SELL,3729.51,1.0,stoploss_full
2025-07-23T23:00:00+00:00,ETH-USDT-SWAP,BUY,3626.15,1.0,entry_multi_indicator
2025-07-24T03:45:00+00:00,ETH-USDT-SWAP,SELL,3640.73,1.0,takeprofit_trailing
2025-07-24T04:00:00+00:00,ETH-USDT-SWAP,BUY,3655.81,1.0,entry_multi_indicator
2025-07-24T04:15:00+00:00,ETH-USDT-SWAP,SELL,3631.9,1.0,stoploss_full
2025-07-24T11:00:00+00:00,ETH-USDT-SWAP,BUY,3644.3,1.0,entry_multi_indicator
2025-07-24T12:30:00+00:00,ETH-USDT-SWAP,SELL,3624.88,1.0,takeprofit_trailing
2025-07-24T12:45:00+00:00,ETH-USDT-SWAP,BUY,3642.98,1.0,entry_multi_indicator
2025-07-24T13:45:00+00:00,ETH-USDT-SWAP,SELL,3630.12,1.0,stoploss_full
2025-07-24T14:30:00+00:00,ETH-USDT-SWAP,BUY,3689.49,1.0,entry_multi_indicator
2025-07-24T15:00:00+00:00,ETH-USDT-SWAP,SELL,3766.16,0.3,takeprofit_r_multiple_1.0
2025-07-24T15:45:00+00:00,ETH-USDT-SWAP,SELL,3730.0,0.7,takeprofit_trailing
2025-07-24T16:00:00+00:00,ETH-USDT-SWAP,BUY,3710.3,1.0,entry_multi_indicator
2025-07-24T16:30:00+00:00,ETH-USDT-SWAP,SELL,3673.2,1.0,stoploss_full
2025-07-25T09:00:00+00:00,ETH-USDT-SWAP,BUY,3666.62,1.0,entry_multi_indicator
2025-07-25T09:45:00+00:00,ETH-USDT-SWAP,SELL,3725.54,0.3,takeprofit_r_multiple_1.0
2025-07-25T12:45:00+00:00,ETH-USDT-SWAP,SELL,3703.6,0.7,takeprofit_trailing
2025-07-25T20:30:00+00:00,ETH-USDT-SWAP,BUY,3690.93,1.0,entry_multi_indicator
2025-07-25T23:45:00+00:00,ETH-USDT-SWAP,SELL,3724.08,0.3,takeprofit_r_multiple_1.0
2025-07-26T00:30:00+00:00,ETH-USDT-SWAP,SELL,3719.61,0.7,stoploss_full
2025-07-26T02:15:00+00:00,ETH-USDT-SWAP,BUY,3744.9,1.0,entry_multi_indicator
2025-07-26T02:30:00+00:00,ETH-USDT-SWAP,SELL,3735.0,1.0,takeprofit_trailing
2025-07-26T02:45:00+00:00,ETH-USDT-SWAP,BUY,3741.05,1.0,entry_multi_indicator
2025-07-26T03:15:00+00:00,ETH-USDT-SWAP,SELL,3728.05,1.0,stoploss_full
2025-07-26T04:00:00+00:00,ETH-USDT-SWAP,BUY,3746.46,1.0,entry_multi_indicator
2025-07-26T05:00:00+00:00,ETH-USDT-SWAP,SELL,3737.6,1.0,stoploss_full
2025-07-26T08:15:00+00:00,ETH-USDT-SWAP,BUY,3760.31,1.0,entry_multi_indicator
2025-07-26T08:45:00+00:00,ETH-USDT-SWAP,SELL,3761.3,1.0,takeprofit_trailing
2025-07-26T09:00:00+00:00,ETH-USDT-SWAP,BUY,3757.54,1.0,entry_multi_indicator
2025-07-26T09:30:00+00:00,ETH-USDT-SWAP,SELL,3752.79,1.0,stoploss_full
2025-07-26T10:15:00+00:00,ETH-USDT-SWAP,BUY,3762.55,1.0,entry_multi_indicator
2025-07-26T10:45:00+00:00,ETH-USDT-SWAP,SELL,3758.61,1.0,takeprofit_trailing
2025-07-26T11:00:00+00:00,ETH-USDT-SWAP,BUY,3766.36,1.0,entry_multi_indicator
2025-07-26T11:15:00+00:00,ETH-USDT-SWAP,SELL,3748.49,1.0,stoploss_full
2025-07-26T19:45:00+00:00,ETH-USDT-SWAP,BUY,3749.51,1.0,entry_multi_indicator
2025-07-26T20:15:00+00:00,ETH-USDT-SWAP,SELL,3736.29,1.0,takeprofit_trailing
2025-07-26T20:30:00+00:00,ETH-USDT-SWAP,BUY,3744.92,1.0,entry_multi_indicator
2025-07-26T22:15:00+00:00,ETH-USDT-SWAP,SELL,3746.15,1.0,takeprofit_trailing
2025-07-26T22:30:00+00:00,ETH-USDT-SWAP,BUY,3750.7,1.0,entry_multi_indicator
2025-07-26T23:15:00+00:00,ETH-USDT-SWAP,SELL,3743.58,1.0,stoploss_full
2025-07-27T01:00:00+00:00,ETH-USDT-SWAP,BUY,3766.82,1.0,entry_multi_indicator
2025-07-27T05:15:00+00:00,ETH-USDT-SWAP,SELL,3798.11,0.3,takeprofit_r_multiple_1.0
2025-07-27T05:30:00+00:00,ETH-USDT-SWAP,SELL,3786.7,0.7,takeprofit_trailing
2025-07-27T05:45:00+00:00,ETH-USDT-SWAP,BUY,3790.41,1.0,entry_multi_indicator
2025-07-27T06:00:00+00:00,ETH-USDT-SWAP,SELL,3777.22,1.0,stoploss_full
2025-07-27T10:30:00+00:00,ETH-USDT-SWAP,BUY,3819.29,1.0,entry_multi_indicator
2025-07-27T10:45:00+00:00,ETH-USDT-SWAP,SELL,3816.39,1.0,takeprofit_trailing
2025-07-27T11:00:00+00:00,ETH-USDT-SWAP,BUY,3824.67,1.0,entry_multi_indicator
2025-07-27T12:30:00+00:00,ETH-USDT-SWAP,SELL,3812.22,1.0,takeprofit_trailing
2025-07-27T12:45:00+00:00,ETH-USDT-SWAP,BUY,3825.01,1.0,entry_multi_indicator
2025-07-27T13:30:00+00:00,ETH-USDT-SWAP,SELL,3811.64,1.0,stoploss_full
2025-07-27T16:15:00+00:00,ETH-USDT-SWAP,BUY,3835.69,1.0,entry_multi_indicator
2025-07-27T16:45:00+00:00,ETH-USDT-SWAP,SELL,3815.36,1.0,takeprofit_trailing
2025-07-27T17:45:00+00:00,ETH-USDT-SWAP,BUY,3837.08,1.0,entry_multi_indicator
2025-07-27T19:15:00+00:00,ETH-USDT-SWAP,SELL,3837.49,1.0,takeprofit_trailing
2025-07-27T22:30:00+00:00,ETH-USDT-SWAP,BUY,3873.37,1.0,entry_multi_indicator
2025-07-27T23:00:00+00:00,ETH-USDT-SWAP,SELL,3842.45,1.0,takeprofit_trailing
2025-07-27T23:15:00+00:00,ETH-USDT-SWAP,BUY,3858.48,1.0,entry_multi_indicator
2025-07-28T01:00:00+00:00,ETH-USDT-SWAP,SELL,3852.3,1.0,stoploss_full
2025-07-28T02:30:00+00:00,ETH-USDT-SWAP,BUY,3889.59,1.0,entry_multi_indicator
2025-07-28T03:00:00+00:00,ETH-USDT-SWAP,SELL,3879.57,1.0,takeprofit_trailing
2025-07-28T04:30:00+00:00,ETH-USDT-SWAP,BUY,3897.69,1.0,entry_multi_indicator
2025-07-28T05:15:00+00:00,ETH-USDT-SWAP,SELL,3938.38,0.3,takeprofit_r_multiple_1.0
2025-07-28T06:30:00+00:00,ETH-USDT-SWAP,SELL,3911.76,0.7,takeprofit_trailing
2025-07-28T06:45:00+00:00,ETH-USDT-SWAP,BUY,3912.2,1.0,entry_multi_indicator
2025-07-28T07:00:00+00:00,ETH-USDT-SWAP,SELL,3883.99,1.0,stoploss_full
2025-07-29T06:00:00+00:00,ETH-USDT-SWAP,BUY,3809.73,1.0,entry_multi_indicator
2025-07-29T07:30:00+00:00,ETH-USDT-SWAP,SELL,3872.97,0.3,takeprofit_r_multiple_2.0
2025-07-29T07:45:00+00:00,ETH-USDT-SWAP,SELL,3876.24,0.3,takeprofit_r_multiple_1.0
2025-07-29T10:00:00+00:00,ETH-USDT-SWAP,SELL,3852.04,0.39999999999999997,takeprofit_trailing
2025-07-29T22:45:00+00:00,ETH-USDT-SWAP,BUY,3790.72,1.0,entry_multi_indicator
2025-07-30T00:15:00+00:00,ETH-USDT-SWAP,SELL,3769.97,1.0,takeprofit_trailing
2025-07-30T01:30:00+00:00,ETH-USDT-SWAP,BUY,3793.54,1.0,entry_multi_indicator
2025-07-30T04:45:00+00:00,ETH-USDT-SWAP,SELL,3807.31,1.0,stoploss_full
2025-07-30T06:30:00+00:00,ETH-USDT-SWAP,BUY,3824.03,1.0,entry_multi_indicator
2025-07-30T07:45:00+00:00,ETH-USDT-SWAP,SELL,3809.56,1.0,stoploss_full
2025-07-30T14:45:00+00:00,ETH-USDT-SWAP,BUY,3817.89,1.0,entry_multi_indicator
2025-07-30T15:00:00+00:00,ETH-USDT-SWAP,SELL,3789.77,1.0,takeprofit_trailing
2025-07-30T23:30:00+00:00,ETH-USDT-SWAP,BUY,3803.56,1.0,entry_multi_indicator
2025-07-31T00:30:00+00:00,ETH-USDT-SWAP,SELL,3840.72,0.3,takeprofit_r_multiple_1.0
2025-07-31T04:15:00+00:00,ETH-USDT-SWAP,SELL,3854.72,0.7,stoploss_full
2025-08-01T12:30:00+00:00,ETH-USDT-SWAP,BUY,3667.52,1.0,entry_multi_indicator
2025-08-01T13:30:00+00:00,ETH-USDT-SWAP,SELL,3624.29,1.0,stoploss_full
2025-08-02T04:30:00+00:00,ETH-USDT-SWAP,BUY,3529.69,1.0,entry_multi_indicator
2025-08-02T05:00:00+00:00,ETH-USDT-SWAP,SELL,3520.14,1.0,takeprofit_trailing
2025-08-03T02:30:00+00:00,ETH-USDT-SWAP,BUY,3438.25,1.0,entry_multi_indicator
2025-08-03T06:00:00+00:00,ETH-USDT-SWAP,SELL,3437.41,1.0,stoploss_full
2025-08-03T07:30:00+00:00,ETH-USDT-SWAP,BUY,3457.0,1.0,entry_multi_indicator
2025-08-03T10:45:00+00:00,ETH-USDT-SWAP,SELL,3483.0,0.3,takeprofit_r_multiple_1.0
2025-08-03T11:00:00+00:00,ETH-USDT-SWAP,SELL,3514.99,0.3,takeprofit_r_multiple_2.0
2025-08-03T11:15:00+00:00,ETH-USDT-SWAP,SELL,3496.5,0.39999999999999997,takeprofit_trailing
2025-08-03T11:30:00+00:00,ETH-USDT-SWAP,BUY,3487.11,1.0,entry_multi_indicator
2025-08-03T12:00:00+00:00,ETH-USDT-SWAP,SELL,3477.88,1.0,takeprofit_trailing
2025-08-03T17:45:00+00:00,ETH-USDT-SWAP,BUY,3488.0,1.0,entry_multi_indicator
2025-08-03T20:00:00+00:00,ETH-USDT-SWAP,SELL,3486.57,1.0,takeprofit_trailing
2025-08-03T21:15:00+00:00,ETH-USDT-SWAP,BUY,3502.6,1.0,entry_multi_indicator
2025-08-03T22:00:00+00:00,ETH-USDT-SWAP,SELL,3487.87,1.0,stoploss_full
2025-08-03T23:00:00+00:00,ETH-USDT-SWAP,BUY,3510.83,1.0,entry_multi_indicator
2025-08-03T23:30:00+00:00,ETH-USDT-SWAP,SELL,3500.12,1.0,takeprofit_trailing
2025-08-04T00:15:00+00:00,ETH-USDT-SWAP,BUY,3513.6,1.0,entry_multi_indicator
2025-08-04T00:45:00+00:00,ETH-USDT-SWAP,SELL,3544.39,0.3,takeprofit_r_multiple_1.0
2025-08-04T02:00:00+00:00,ETH-USDT-SWAP,SELL,3529.27,0.7,takeprofit_trailing
2025-08-04T02:15:00+00:00,ETH-USDT-SWAP,BUY,3546.9,1.0,entry_multi_indicator
2025-08-04T04:30:00+00:00,ETH-USDT-SWAP,SELL,3537.74,1.0,stoploss_full
2025-08-04T10:15:00+00:00,ETH-USDT-SWAP,BUY,3562.04,1.0,entry_multi_indicator
2025-08-04T10:45:00+00:00,ETH-USDT-SWAP,SELL,3552.64,1.0,stoploss_full
2025-08-04T12:45:00+00:00,ETH-USDT-SWAP,BUY,3568.46,1.0,entry_multi_indicator
2025-08-04T13:30:00+00:00,ETH-USDT-SWAP,SELL,3605.3,0.3,takeprofit_r_multiple_1.0
2025-08-04T13:45:00+00:00,ETH-USDT-SWAP,SELL,3619.2,0.3,takeprofit_r_multiple_2.0
2025-08-04T14:00:00+00:00,ETH-USDT-SWAP,SELL,3648.38,0.2,takeprofit_rsi_partial
2025-08-04T14:15:00+00:00,ETH-USDT-SWAP,SELL,3653.8,0.19999999999999996,takeprofit_rsi_partial
2025-08-04T14:30:00+00:00,ETH-USDT-SWAP,BUY,3634.41,1.0,entry_multi_indicator
2025-08-04T16:30:00+00:00,ETH-USDT-SWAP,SELL,3683.48,0.3,takeprofit_r_multiple_1.0
2025-08-04T17:00:00+00:00,ETH-USDT-SWAP,SELL,3713.69,0.3,takeprofit_r_multiple_2.0
2025-08-04T17:30:00+00:00,ETH-USDT-SWAP,SELL,3678.51,0.39999999999999997,takeprofit_trailing
2025-08-04T17:45:00+00:00,ETH-USDT-SWAP,BUY,3680.04,1.0,entry_multi_indicator
2025-08-04T18:00:00+00:00,ETH-USDT-SWAP,SELL,3677.2,1.0,stoploss_full
2025-08-04T21:30:00+00:00,ETH-USDT-SWAP,BUY,3721.62,1.0,entry_multi_indicator
2025-08-04T23:15:00+00:00,ETH-USDT-SWAP,SELL,3720.0,1.0,stoploss_full
2025-08-05T10:30:00+00:00,ETH-USDT-SWAP,BUY,3686.61,1.0,entry_multi_indicator
2025-08-05T11:00:00+00:00,ETH-USDT-SWAP,SELL,3670.43,1.0,takeprofit_trailing
2025-08-05T11:15:00+00:00,ETH-USDT-SWAP,BUY,3681.91,1.0,entry_multi_indicator
2025-08-05T12:15:00+00:00,ETH-USDT-SWAP,SELL,3654.97,1.0,takeprofit_trailing
2025-08-05T23:00:00+00:00,ETH-USDT-SWAP,BUY,3608.37,1.0,entry_multi_indicator
2025-08-06T00:00:00+00:00,ETH-USDT-SWAP,SELL,3600.97,1.0,takeprofit_trailing
2025-08-06T05:00:00+00:00,ETH-USDT-SWAP,BUY,3616.71,1.0,entry_multi_indicator
2025-08-06T06:00:00+00:00,ETH-USDT-SWAP,SELL,3620.18,1.0,takeprofit_trailing
2025-08-06T06:15:00+00:00,ETH-USDT-SWAP,BUY,3620.0,1.0,entry_multi_indicator
2025-08-06T08:15:00+00:00,ETH-USDT-SWAP,SELL,3622.5,1.0,stoploss_full
2025-08-06T15:00:00+00:00,ETH-USDT-SWAP,BUY,3626.41,1.0,entry_multi_indicator
2025-08-06T17:45:00+00:00,ETH-USDT-SWAP,SELL,3680.41,0.3,takeprofit_r_multiple_1.0
2025-08-06T19:30:00+00:00,ETH-USDT-SWAP,SELL,3671.52,0.7,takeprofit_trailing
2025-08-06T19:45:00+00:00,ETH-USDT-SWAP,BUY,3682.02,1.0,entry_multi_indicator
2025-08-06T20:00:00+00:00,ETH-USDT-SWAP,SELL,3674.3,1.0,stoploss_full
2025-08-07T01:15:00+00:00,ETH-USDT-SWAP,BUY,3705.13,1.0,entry_multi_indicator
2025-08-07T01:30:00+00:00,ETH-USDT-SWAP,SELL,3689.93,1.0,takeprofit_trailing
2025-08-07T06:00:00+00:00,ETH-USDT-SWAP,BUY,3699.96,1.0,entry_multi_indicator
2025-08-07T06:15:00+00:00,ETH-USDT-SWAP,SELL,3685.9,1.0,takeprofit_trailing
2025-08-07T07:30:00+00:00,ETH-USDT-SWAP,BUY,3697.5,1.0,entry_multi_indicator
2025-08-07T08:15:00+00:00,ETH-USDT-SWAP,SELL,3724.88,0.3,takeprofit_r_multiple_1.0
2025-08-07T10:00:00+00:00,ETH-USDT-SWAP,SELL,3794.49,0.3,takeprofit_r_multiple_2.0
2025-08-07T10:15:00+00:00,ETH-USDT-SWAP,SELL,3797.57,0.2,takeprofit_rsi_partial
2025-08-07T10:30:00+00:00,ETH-USDT-SWAP,SELL,3810.19,0.19999999999999996,takeprofit_rsi_partial
2025-08-07T10:45:00+00:00,ETH-USDT-SWAP,BUY,3819.2,1.0,entry_multi_indicator
2025-08-07T11:15:00+00:00,ETH-USDT-SWAP,SELL,3819.89,0.2,takeprofit_rsi_partial
2025-08-07T11:30:00+00:00,ETH-USDT-SWAP,SELL,3826.97,0.2,takeprofit_rsi_partial
2025-08-07T11:45:00+00:00,ETH-USDT-SWAP,SELL,3825.78,0.2,takeprofit_rsi_partial
2025-08-07T12:00:00+00:00,ETH-USDT-SWAP,SELL,3832.34,0.2,takeprofit_rsi_partial
2025-08-07T12:15:00+00:00,ETH-USDT-SWAP,SELL,3835.57,0.2,takeprofit_rsi_partial
2025-08-07T12:30:00+00:00,ETH-USDT-SWAP,BUY,3841.43,1.0,entry_multi_indicator
2025-08-07T12:45:00+00:00,ETH-USDT-SWAP,SELL,3848.22,0.2,takeprofit_rsi_partial
2025-08-07T14:00:00+00:00,ETH-USDT-SWAP,SELL,3828.86,0.8,takeprofit_trailing
2025-08-07T19:30:00+00:00,ETH-USDT-SWAP,BUY,3849.77,1.0,entry_multi_indicator
2025-08-07T22:45:00+00:00,ETH-USDT-SWAP,SELL,3914.99,0.3,takeprofit_r_multiple_1.0
2025-08-07T23:00:00+00:00,ETH-USDT-SWAP,SELL,3893.48,0.7,takeprofit_trailing
2025-08-07T23:15:00+00:00,ETH-USDT-SWAP,BUY,3891.1,1.0,entry_multi_indicator
2025-08-08T00:45:00+00:00,ETH-USDT-SWAP,SELL,3898.61,1.0,stoploss_full
2025-08-08T03:15:00+00:00,ETH-USDT-SWAP,BUY,3951.06,1.0,entry_multi_indicator
2025-08-08T03:30:00+00:00,ETH-USDT-SWAP,SELL,3929.05,1.0,takeprofit_trailing
2025-08-08T03:45:00+00:00,ETH-USDT-SWAP,BUY,3938.0,1.0,entry_multi_indicator
2025-08-08T04:45:00+00:00,ETH-USDT-SWAP,SELL,3919.6,1.0,stoploss_full
2025-08-08T13:30:00+00:00,ETH-USDT-SWAP,BUY,3936.42,1.0,entry_multi_indicator
2025-08-08T13:45:00+00:00,ETH-USDT-SWAP,SELL,3999.01,0.3,takeprofit_r_multiple_2.0
2025-08-08T14:00:00+00:00,ETH-USDT-SWAP,SELL,3965.81,0.7,takeprofit_trailing
2025-08-08T14:15:00+00:00,ETH-USDT-SWAP,BUY,3962.09,1.0,entry_multi_indicator
2025-08-08T15:30:00+00:00,ETH-USDT-SWAP,SELL,3928.33,1.0,takeprofit_trailing
2025-08-08T17:30:00+00:00,ETH-USDT-SWAP,BUY,4018.38,1.0,entry_multi_indicator
2025-08-08T20:30:00+00:00,ETH-USDT-SWAP,SELL,4051.76,1.0,stoploss_full
2025-08-09T03:00:00+00:00,ETH-USDT-SWAP,BUY,4040.88,1.0,entry_multi_indicator
2025-08-09T04:30:00+00:00,ETH-USDT-SWAP,SELL,4079.82,0.3,takeprofit_r_multiple_1.0
2025-08-09T05:00:00+00:00,ETH-USDT-SWAP,SELL,4159.01,0.7,takeprofit_trailing
2025-08-09T05:15:00+00:00,ETH-USDT-SWAP,BUY,4179.88,1.0,entry_multi_indicator
2025-08-09T05:30:00+00:00,ETH-USDT-SWAP,SELL,4177.44,0.2,takeprofit_rsi_partial
2025-08-09T05:45:00+00:00,ETH-USDT-SWAP,SELL,4181.89,0.2,takeprofit_rsi_partial
2025-08-09T06:30:00+00:00,ETH-USDT-SWAP,SELL,4157.23,0.6000000000000001,takeprofit_trailing
2025-08-09T06:45:00+00:00,ETH-USDT-SWAP,BUY,4162.5,1.0,entry_multi_indicator
2025-08-09T08:00:00+00:00,ETH-USDT-SWAP,SELL,4177.08,1.0,stoploss_full
2025-08-09T08:30:00+00:00,ETH-USDT-SWAP,BUY,4200.41,1.0,entry_multi_indicator
2025-08-09T08:45:00+00:00,ETH-USDT-SWAP,SELL,4189.7,1.0,stoploss_full
2025-08-09T09:45:00+00:00,ETH-USDT-SWAP,BUY,4218.51,1.0,entry_multi_indicator
2025-08-09T10:30:00+00:00,ETH-USDT-SWAP,SELL,4220.29,1.0,stoploss_full
2025-08-09T17:00:00+00:00,ETH-USDT-SWAP,BUY,4217.2,1.0,entry_multi_indicator
2025-08-09T19:30:00+00:00,ETH-USDT-SWAP,SELL,4263.4,0.3,takeprofit_r_multiple_1.0
2025-08-09T21:15:00+00:00,ETH-USDT-SWAP,SELL,4270.99,0.7,takeprofit_trailing
2025-08-09T21:30:00+00:00,ETH-USDT-SWAP,BUY,4273.83,1.0,entry_multi_indicator
2025-08-09T22:30:00+00:00,ETH-USDT-SWAP,SELL,4273.78,1.0,stoploss_full
2025-08-10T00:45:00+00:00,ETH-USDT-SWAP,BUY,4312.09,1.0,entry_multi_indicator
2025-08-10T01:00:00+00:00,ETH-USDT-SWAP,SELL,4291.48,1.0,takeprofit_trailing
2025-08-10T01:15:00+00:00,ETH-USDT-SWAP,BUY,4297.2,1.0,entry_multi_indicator
2025-08-10T02:00:00+00:00,ETH-USDT-SWAP,SELL,4286.4,1.0,takeprofit_trailing
2025-08-10T16:15:00+00:00,ETH-USDT-SWAP,BUY,4227.92,1.0,entry_multi_indicator
2025-08-10T17:45:00+00:00,ETH-USDT-SWAP,SELL,4224.42,1.0,takeprofit_trailing
2025-08-10T18:00:00+00:00,ETH-USDT-SWAP,BUY,4229.42,1.0,entry_multi_indicator
2025-08-10T20:00:00+00:00,ETH-USDT-SWAP,SELL,4232.31,1.0,takeprofit_trailing
2025-08-10T22:45:00+00:00,ETH-USDT-SWAP,BUY,4250.55,1.0,entry_multi_indicator
2025-08-11T01:15:00+00:00,ETH-USDT-SWAP,SELL,4292.27,0.3,takeprofit_r_multiple_1.0
2025-08-11T02:45:00+00:00,ETH-USDT-SWAP,SELL,4308.83,0.7,takeprofit_trailing
2025-08-11T03:00:00+00:00,ETH-USDT-SWAP,BUY,4302.01,1.0,entry_multi_indicator
2025-08-11T03:30:00+00:00,ETH-USDT-SWAP,SELL,4291.91,1.0,stoploss_full
2025-08-11T04:00:00+00:00,ETH-USDT-SWAP,BUY,4338.02,1.0,entry_multi_indicator
2025-08-11T05:00:00+00:00,ETH-USDT-SWAP,SELL,4321.24,1.0,stoploss_full
2025-08-11T14:30:00+00:00,ETH-USDT-SWAP,BUY,4283.25,1.0,entry_multi_indicator
2025-08-11T15:00:00+00:00,ETH-USDT-SWAP,SELL,4272.41,1.0,takeprofit_trailing
2025-08-11T15:15:00+00:00,ETH-USDT-SWAP,BUY,4288.22,1.0,entry_multi_indicator
2025-08-11T16:15:00+00:00,ETH-USDT-SWAP,SELL,4351.29,0.3,takeprofit_r_multiple_1.0
2025-08-11T16:30:00+00:00,ETH-USDT-SWAP,SELL,4314.47,0.7,takeprofit_trailing
2025-08-11T16:45:00+00:00,ETH-USDT-SWAP,BUY,4311.0,1.0,entry_multi_indicator
2025-08-11T17:45:00+00:00,ETH-USDT-SWAP,SELL,4293.16,1.0,stoploss_full
2025-08-12T01:15:00+00:00,ETH-USDT-SWAP,BUY,4281.69,1.0,entry_multi_indicator
2025-08-12T05:15:00+00:00,ETH-USDT-SWAP,SELL,4290.49,1.0,takeprofit_trailing
2025-08-12T07:15:00+00:00,ETH-USDT-SWAP,BUY,4311.01,1.0,entry_multi_indicator
2025-08-12T08:15:00+00:00,ETH-USDT-SWAP,SELL,4298.55,1.0,stoploss_full
2025-08-12T08:30:00+00:00,ETH-USDT-SWAP,BUY,4327.85,1.0,entry_multi_indicator
2025-08-12T09:00:00+00:00,ETH-USDT-SWAP,SELL,4299.31,1.0,stoploss_full
2025-08-12T12:30:00+00:00,ETH-USDT-SWAP,BUY,4405.0,1.0,entry_multi_indicator
2025-08-12T13:30:00+00:00,ETH-USDT-SWAP,SELL,4380.63,1.0,takeprofit_trailing
2025-08-12T13:45:00+00:00,ETH-USDT-SWAP,BUY,4380.81,1.0,entry_multi_indicator
2025-08-12T15:45:00+00:00,ETH-USDT-SWAP,SELL,4470.3,0.3,takeprofit_r_multiple_1.0
2025-08-12T18:30:00+00:00,ETH-USDT-SWAP,SELL,4486.12,0.7,stoploss_full
2025-08-12T20:00:00+00:00,ETH-USDT-SWAP,BUY,4531.21,1.0,entry_multi_indicator
2025-08-12T20:15:00+00:00,ETH-USDT-SWAP,SELL,4603.19,0.3,takeprofit_r_multiple_1.0
2025-08-12T20:45:00+00:00,ETH-USDT-SWAP,SELL,4620.63,0.2,takeprofit_rsi_partial
2025-08-12T21:45:00+00:00,ETH-USDT-SWAP,SELL,4586.0,0.49999999999999994,takeprofit_trailing
2025-08-13T03:30:00+00:00,ETH-USDT-SWAP,BUY,4638.58,1.0,entry_multi_indicator
2025-08-13T05:30:00+00:00,ETH-USDT-SWAP,SELL,4641.58,1.0,stoploss_full
2025-08-13T09:45:00+00:00,ETH-USDT-SWAP,BUY,4708.0,1.0,entry_multi_indicator
2025-08-13T11:15:00+00:00,ETH-USDT-SWAP,SELL,4677.89,1.0,takeprofit_trailing
2025-08-13T11:30:00+00:00,ETH-USDT-SWAP,BUY,4679.29,1.0,entry_multi_indicator
2025-08-13T12:45:00+00:00,ETH-USDT-SWAP,SELL,4686.5,1.0,takeprofit_trailing
2025-08-13T13:00:00+00:00,ETH-USDT-SWAP,BUY,4708.13,1.0,entry_multi_indicator
2025-08-13T13:30:00+00:00,ETH-USDT-SWAP,SELL,4679.76,1.0,stoploss_full
2025-08-13T17:15:00+00:00,ETH-USDT-SWAP,BUY,4722.99,1.0,entry_multi_indicator
2025-08-13T18:30:00+00:00,ETH-USDT-SWAP,SELL,4701.8,1.0,takeprofit_trailing
2025-08-13T19:00:00+00:00,ETH-USDT-SWAP,BUY,4721.05,1.0,entry_multi_indicator
2025-08-13T20:15:00+00:00,ETH-USDT-SWAP,SELL,4712.51,1.0,stoploss_full
2025-08-13T21:00:00+00:00,ETH-USDT-SWAP,BUY,4751.39,1.0,entry_multi_indicator
2025-08-13T21:45:00+00:00,ETH-USDT-SWAP,SELL,4721.39,1.0,stoploss_full
2025-08-13T22:30:00+00:00,ETH-USDT-SWAP,BUY,4753.59,1.0,entry_multi_indicator
2025-08-13T22:45:00+00:00,ETH-USDT-SWAP,SELL,4733.69,1.0,stoploss_full
2025-08-13T23:15:00+00:00,ETH-USDT-SWAP,BUY,4757.39,1.0,entry_multi_indicator
2025-08-14T00:00:00+00:00,ETH-USDT-SWAP,SELL,4739.77,1.0,stoploss_full
2025-08-14T03:30:00+00:00,ETH-USDT-SWAP,BUY,4771.46,1.0,entry_multi_indicator
2025-08-14T04:30:00+00:00,ETH-USDT-SWAP,SELL,4760.05,1.0,takeprofit_trailing
2025-08-14T06:45:00+00:00,ETH-USDT-SWAP,BUY,4777.27,1.0,entry_multi_indicator
2025-08-14T07:00:00+00:00,ETH-USDT-SWAP,SELL,4736.48,1.0,stoploss_full
2025-08-15T01:15:00+00:00,ETH-USDT-SWAP,BUY,4588.5,1.0,entry_multi_indicator
2025-08-15T03:15:00+00:00,ETH-USDT-SWAP,SELL,4639.09,0.3,takeprofit_r_multiple_1.0
2025-08-15T04:45:00+00:00,ETH-USDT-SWAP,SELL,4624.67,0.7,stoploss_full
2025-08-15T06:30:00+00:00,ETH-USDT-SWAP,BUY,4659.03,1.0,entry_multi_indicator
2025-08-15T07:00:00+00:00,ETH-USDT-SWAP,SELL,4636.2,1.0,stoploss_full
2025-08-15T22:45:00+00:00,ETH-USDT-SWAP,BUY,4474.1,1.0,entry_multi_indicator
2025-08-15T23:00:00+00:00,ETH-USDT-SWAP,SELL,4443.17,1.0,takeprofit_trailing
2025-08-16T00:30:00+00:00,ETH-USDT-SWAP,BUY,4472.3,1.0,entry_multi_indicator
2025-08-16T02:45:00+00:00,ETH-USDT-SWAP,SELL,4443.37,1.0,stoploss_full
2025-08-16T09:15:00+00:00,ETH-USDT-SWAP,BUY,4453.29,1.0,entry_multi_indicator
2025-08-16T09:45:00+00:00,ETH-USDT-SWAP,SELL,4395.5,1.0,stoploss_full
2025-08-16T19:15:00+00:00,ETH-USDT-SWAP,BUY,4418.99,1.0,entry_multi_indicator
2025-08-16T19:45:00+00:00,ETH-USDT-SWAP,SELL,4417.01,1.0,takeprofit_trailing
2025-08-16T20:00:00+00:00,ETH-USDT-SWAP,BUY,4419.08,1.0,entry_multi_indicator
2025-08-16T21:45:00+00:00,ETH-USDT-SWAP,SELL,4405.91,1.0,stoploss_full
2025-08-17T02:45:00+00:00,ETH-USDT-SWAP,BUY,4432.3,1.0,entry_multi_indicator
2025-08-17T04:15:00+00:00,ETH-USDT-SWAP,SELL,4470.3,0.3,takeprofit_r_multiple_1.0
2025-08-17T06:45:00+00:00,ETH-USDT-SWAP,SELL,4455.04,0.7,takeprofit_trailing
2025-08-17T08:45:00+00:00,ETH-USDT-SWAP,BUY,4533.0,1.0,entry_multi_indicator
2025-08-17T10:45:00+00:00,ETH-USDT-SWAP,SELL,4565.96,0.3,takeprofit_r_multiple_1.0
2025-08-17T12:00:00+00:00,ETH-USDT-SWAP,SELL,4543.22,0.7,takeprofit_trailing
2025-08-18T12:30:00+00:00,ETH-USDT-SWAP,BUY,4334.41,1.0,entry_multi_indicator
2025-08-18T13:30:00+00:00,ETH-USDT-SWAP,SELL,4324.28,1.0,takeprofit_trailing
2025-08-18T14:45:00+00:00,ETH-USDT-SWAP,BUY,4331.7,1.0,entry_multi_indicator
2025-08-18T16:30:00+00:00,ETH-USDT-SWAP,SELL,4308.48,1.0,takeprofit_trailing
2025-08-18T17:15:00+00:00,ETH-USDT-SWAP,BUY,4352.49,1.0,entry_multi_indicator
2025-08-18T18:00:00+00:00,ETH-USDT-SWAP,SELL,4333.01,1.0,takeprofit_trailing
2025-08-18T18:15:00+00:00,ETH-USDT-SWAP,BUY,4345.89,1.0,entry_multi_indicator
2025-08-18T20:30:00+00:00,ETH-USDT-SWAP,SELL,4331.4,1.0,stoploss_full
2025-08-18T22:15:00+00:00,ETH-USDT-SWAP,BUY,4381.61,1.0,entry_multi_indicator
2025-08-18T22:45:00+00:00,ETH-USDT-SWAP,SELL,4339.31,1.0,stoploss_full
2025-08-19T09:15:00+00:00,ETH-USDT-SWAP,BUY,4279.23,1.0,entry_multi_indicator
2025-08-19T13:30:00+00:00,ETH-USDT-SWAP,SELL,4277.01,1.0,stoploss_full
2025-08-20T04:00:00+00:00,ETH-USDT-SWAP,BUY,4154.7,1.0,entry_multi_indicator
2025-08-20T07:00:00+00:00,ETH-USDT-SWAP,SELL,4201.46,0.3,takeprofit_r_multiple_1.0
2025-08-20T07:45:00+00:00,ETH-USDT-SWAP,SELL,4183.58,0.7,takeprofit_trailing
2025-08-20T08:00:00+00:00,ETH-USDT-SWAP,BUY,4204.19,1.0,entry_multi_indicator
2025-08-20T08:45:00+00:00,ETH-USDT-SWAP,SELL,4237.4,0.3,takeprofit_r_multiple_1.0
2025-08-20T10:00:00+00:00,ETH-USDT-SWAP,SELL,4213.62,0.7,takeprofit_trailing
2025-08-20T15:00:00+00:00,ETH-USDT-SWAP,BUY,4264.61,1.0,entry_multi_indicator
2025-08-20T18:00:00+00:00,ETH-USDT-SWAP,SELL,4288.41,1.0,takeprofit_trailing
2025-08-20T20:15:00+00:00,ETH-USDT-SWAP,BUY,4346.51,1.0,entry_multi_indicator
2025-08-20T21:15:00+00:00,ETH-USDT-SWAP,SELL,4328.28,1.0,stoploss_full
2025-08-21T14:15:00+00:00,ETH-USDT-SWAP,BUY,4314.16,1.0,entry_multi_indicator
2025-08-21T14:30:00+00:00,ETH-USDT-SWAP,SELL,4276.87,1.0,takeprofit_trailing
2025-08-22T01:45:00+00:00,ETH-USDT-SWAP,BUY,4256.09,1.0,entry_multi_indicator
2025-08-22T02:15:00+00:00,ETH-USDT-SWAP,SELL,4307.53,0.3,takeprofit_r_multiple_1.0
2025-08-22T03:15:00+00:00,ETH-USDT-SWAP,SELL,4275.37,0.7,takeprofit_trailing
2025-08-22T03:45:00+00:00,ETH-USDT-SWAP,BUY,4277.6,1.0,entry_multi_indicator
2025-08-22T05:00:00+00:00,ETH-USDT-SWAP,SELL,4281.3,1.0,stoploss_full
2025-08-22T06:15:00+00:00,ETH-USDT-SWAP,BUY,4309.6,1.0,entry_multi_indicator
2025-08-22T06:30:00+00:00,ETH-USDT-SWAP,SELL,4285.99,1.0,takeprofit_trailing
2025-08-22T07:00:00+00:00,ETH-USDT-SWAP,BUY,4311.44,1.0,entry_multi_indicator
2025-08-22T09:00:00+00:00,ETH-USDT-SWAP,SELL,4315.37,1.0,takeprofit_trailing
2025-08-22T14:00:00+00:00,ETH-USDT-SWAP,BUY,4594.6,1.0,entry_multi_indicator
2025-08-22T14:15:00+00:00,ETH-USDT-SWAP,SELL,4576.69,0.2,takeprofit_rsi_partial
2025-08-22T14:30:00+00:00,ETH-USDT-SWAP,SELL,4603.53,0.2,takeprofit_rsi_partial
2025-08-22T14:45:00+00:00,ETH-USDT-SWAP,SELL,4612.15,0.2,takeprofit_rsi_partial
2025-08-22T15:00:00+00:00,ETH-USDT-SWAP,SELL,4628.69,0.2,takeprofit_rsi_partial
2025-08-22T15:15:00+00:00,ETH-USDT-SWAP,SELL,4634.66,0.2,takeprofit_rsi_partial
2025-08-22T15:30:00+00:00,ETH-USDT-SWAP,BUY,4646.14,1.0,entry_multi_indicator
2025-08-22T16:00:00+00:00,ETH-USDT-SWAP,SELL,4766.5,0.2,takeprofit_rsi_partial
2025-08-22T16:30:00+00:00,ETH-USDT-SWAP,SELL,4752.61,0.2,takeprofit_rsi_partial
2025-08-22T17:00:00+00:00,ETH-USDT-SWAP,SELL,4811.6,0.3,takeprofit_r_multiple_1.0
2025-08-22T17:15:00+00:00,ETH-USDT-SWAP,SELL,4844.15,0.2,takeprofit_rsi_partial
2025-08-22T18:15:00+00:00,ETH-USDT-SWAP,SELL,4772.11,0.10000000000000009,takeprofit_trailing
2025-08-23T14:15:00+00:00,ETH-USDT-SWAP,BUY,4748.12,1.0,entry_multi_indicator
2025-08-23T17:15:00+00:00,ETH-USDT-SWAP,SELL,4729.74,1.0,takeprofit_trailing
2025-08-23T17:45:00+00:00,ETH-USDT-SWAP,BUY,4748.41,1.0,entry_multi_indicator
2025-08-23T20:00:00+00:00,ETH-USDT-SWAP,SELL,4749.68,1.0,stoploss_full
2025-08-23T20:15:00+00:00,ETH-USDT-SWAP,BUY,4755.25,1.0,entry_multi_indicator
2025-08-23T20:30:00+00:00,ETH-USDT-SWAP,SELL,4745.58,1.0,stoploss_full
2025-08-23T22:15:00+00:00,ETH-USDT-SWAP,BUY,4761.14,1.0,entry_multi_indicator
2025-08-23T23:00:00+00:00,ETH-USDT-SWAP,SELL,4786.16,0.3,takeprofit_r_multiple_1.0
2025-08-23T23:30:00+00:00,ETH-USDT-SWAP,SELL,4773.65,0.7,takeprofit_trailing
2025-08-23T23:45:00+00:00,ETH-USDT-SWAP,BUY,4777.47,1.0,entry_multi_indicator
2025-08-24T00:30:00+00:00,ETH-USDT-SWAP,SELL,4811.45,0.3,takeprofit_r_multiple_1.0
2025-08-24T01:00:00+00:00,ETH-USDT-SWAP,SELL,4774.01,0.7,takeprofit_trailing
2025-08-24T14:45:00+00:00,ETH-USDT-SWAP,BUY,4794.0,1.0,entry_multi_indicator
2025-08-24T15:45:00+00:00,ETH-USDT-SWAP,SELL,4797.1,1.0,takeprofit_trailing
2025-08-24T16:00:00+00:00,ETH-USDT-SWAP,BUY,4815.45,1.0,entry_multi_indicator
2025-08-24T17:00:00+00:00,ETH-USDT-SWAP,SELL,4871.0,0.3,takeprofit_r_multiple_1.0
2025-08-24T17:30:00+00:00,ETH-USDT-SWAP,SELL,4928.79,0.3,takeprofit_r_multiple_2.0
2025-08-24T19:30:00+00:00,ETH-USDT-SWAP,SELL,4849.81,0.39999999999999997,takeprofit_trailing
2025-08-25T14:00:00+00:00,ETH-USDT-SWAP,BUY,4662.0,1.0,entry_multi_indicator
2025-08-25T15:00:00+00:00,ETH-USDT-SWAP,SELL,4633.0,1.0,takeprofit_trailing
2025-08-26T02:00:00+00:00,ETH-USDT-SWAP,BUY,4441.4,1.0,entry_multi_indicator
2025-08-26T02:45:00+00:00,ETH-USDT-SWAP,SELL,4394.72,1.0,takeprofit_trailing
2025-08-26T05:00:00+00:00,ETH-USDT-SWAP,BUY,4443.5,1.0,entry_multi_indicator
2025-08-26T06:45:00+00:00,ETH-USDT-SWAP,SELL,4412.31,1.0,takeprofit_trailing
2025-08-26T10:30:00+00:00,ETH-USDT-SWAP,BUY,4442.32,1.0,entry_multi_indicator
2025-08-26T11:15:00+00:00,ETH-USDT-SWAP,SELL,4419.3,1.0,takeprofit_trailing
2025-08-26T12:30:00+00:00,ETH-USDT-SWAP,BUY,4507.69,1.0,entry_multi_indicator
2025-08-26T13:00:00+00:00,ETH-USDT-SWAP,SELL,4477.75,1.0,takeprofit_trailing
2025-08-26T13:15:00+00:00,ETH-USDT-SWAP,BUY,4480.14,1.0,entry_multi_indicator
2025-08-26T14:00:00+00:00,ETH-USDT-SWAP,SELL,4464.99,1.0,takeprofit_trailing
2025-08-26T14:15:00+00:00,ETH-USDT-SWAP,BUY,4498.69,1.0,entry_multi_indicator
2025-08-26T15:30:00+00:00,ETH-USDT-SWAP,SELL,4505.76,1.0,takeprofit_trailing
2025-08-26T15:45:00+00:00,ETH-USDT-SWAP,BUY,4516.29,1.0,entry_multi_indicator
2025-08-26T16:15:00+00:00,ETH-USDT-SWAP,SELL,4516.4,1.0,stoploss_full
2025-08-26T16:45:00+00:00,ETH-USDT-SWAP,BUY,4552.47,1.0,entry_multi_indicator
2025-08-26T17:30:00+00:00,ETH-USDT-SWAP,SELL,4514.59,1.0,stoploss_full
2025-08-26T19:15:00+00:00,ETH-USDT-SWAP,BUY,4566.39,1.0,entry_multi_indicator
2025-08-26T19:30:00+00:00,ETH-USDT-SWAP,SELL,4552.23,1.0,stoploss_full
2025-08-26T19:45:00+00:00,ETH-USDT-SWAP,BUY,4594.06,1.0,entry_multi_indicator
2025-08-26T21:00:00+00:00,ETH-USDT-SWAP,SELL,4565.67,1.0,stoploss_full
2025-08-26T23:00:00+00:00,ETH-USDT-SWAP,BUY,4623.1,1.0,entry_multi_indicator
2025-08-26T23:15:00+00:00,ETH-USDT-SWAP,SELL,4599.76,1.0,stoploss_full
2025-08-27T04:00:00+00:00,ETH-USDT-SWAP,BUY,4625.28,1.0,entry_multi_indicator
2025-08-27T06:00:00+00:00,ETH-USDT-SWAP,SELL,4599.97,1.0,takeprofit_trailing
2025-08-27T12:00:00+00:00,ETH-USDT-SWAP,BUY,4609.6,1.0,entry_multi_indicator
2025-08-27T12:15:00+00:00,ETH-USDT-SWAP,SELL,4588.46,1.0,takeprofit_trailing
2025-08-27T12:45:00+00:00,ETH-USDT-SWAP,BUY,4613.27,1.0,entry_multi_indicator
2025-08-27T13:45:00+00:00,ETH-USDT-SWAP,SELL,4593.89,1.0,takeprofit_trailing
2025-08-27T14:15:00+00:00,ETH-USDT-SWAP,BUY,4629.88,1.0,entry_multi_indicator
2025-08-27T14:45:00+00:00,ETH-USDT-SWAP,SELL,4610.81,1.0,takeprofit_trailing
2025-08-27T15:00:00+00:00,ETH-USDT-SWAP,BUY,4638.27,1.0,entry_multi_indicator
2025-08-27T16:30:00+00:00,ETH-USDT-SWAP,SELL,4618.27,1.0,stoploss_full
2025-08-28T03:30:00+00:00,ETH-USDT-SWAP,BUY,4541.1,1.0,entry_multi_indicator
2025-08-28T05:30:00+00:00,ETH-USDT-SWAP,SELL,4557.71,1.0,takeprofit_trailing
2025-08-28T05:45:00+00:00,ETH-USDT-SWAP,BUY,4568.41,1.0,entry_multi_indicator
2025-08-28T08:00:00+00:00,ETH-USDT-SWAP,SELL,4616.78,0.3,takeprofit_r_multiple_1.0
2025-08-28T08:15:00+00:00,ETH-USDT-SWAP,SELL,4599.05,0.7,takeprofit_trailing
2025-08-28T08:30:00+00:00,ETH-USDT-SWAP,BUY,4601.3,1.0,entry_multi_indicator
2025-08-28T09:30:00+00:00,ETH-USDT-SWAP,SELL,4587.48,1.0,stoploss_full
2025-08-29T00:15:00+00:00,ETH-USDT-SWAP,BUY,4508.45,1.0,entry_multi_indicator
2025-08-29T00:30:00+00:00,ETH-USDT-SWAP,SELL,4484.21,1.0,takeprofit_trailing
2025-08-29T13:00:00+00:00,ETH-USDT-SWAP,BUY,4399.18,1.0,entry_multi_indicator
2025-08-29T13:30:00+00:00,ETH-USDT-SWAP,SELL,4345.49,1.0,stoploss_full
2025-08-29T21:30:00+00:00,ETH-USDT-SWAP,BUY,4374.86,1.0,entry_multi_indicator
2025-08-30T00:00:00+00:00,ETH-USDT-SWAP,SELL,4347.24,1.0,takeprofit_trailing
2025-08-30T05:30:00+00:00,ETH-USDT-SWAP,BUY,4392.88,1.0,entry_multi_indicator
2025-08-30T08:30:00+00:00,ETH-USDT-SWAP,SELL,4392.34,1.0,stoploss_full
2025-08-30T23:15:00+00:00,ETH-USDT-SWAP,BUY,4372.42,1.0,entry_multi_indicator
2025-08-31T00:30:00+00:00,ETH-USDT-SWAP,SELL,4416.28,0.3,takeprofit_r_multiple_1.0
2025-08-31T00:45:00+00:00,ETH-USDT-SWAP,SELL,4465.67,0.3,takeprofit_r_multiple_2.0
2025-08-31T01:00:00+00:00,ETH-USDT-SWAP,SELL,4444.1,0.39999999999999997,takeprofit_trailing
2025-08-31T01:15:00+00:00,ETH-USDT-SWAP,BUY,4441.59,1.0,entry_multi_indicator
2025-08-31T03:45:00+00:00,ETH-USDT-SWAP,SELL,4485.54,0.3,takeprofit_r_multiple_1.0
2025-08-31T04:15:00+00:00,ETH-USDT-SWAP,SELL,4459.68,0.7,takeprofit_trailing
2025-08-31T11:45:00+00:00,ETH-USDT-SWAP,BUY,4474.09,1.0,entry_multi_indicator
2025-08-31T13:15:00+00:00,ETH-USDT-SWAP,SELL,4471.74,1.0,takeprofit_trailing
2025-09-01T07:45:00+00:00,ETH-USDT-SWAP,BUY,4460.7,1.0,entry_multi_indicator
2025-09-01T09:45:00+00:00,ETH-USDT-SWAP,SELL,4439.74,1.0,takeprofit_trailing
2025-09-02T02:30:00+00:00,ETH-USDT-SWAP,BUY,4333.79,1.0,entry_multi_indicator
2025-09-02T03:00:00+00:00,ETH-USDT-SWAP,SELL,4380.65,0.3,takeprofit_r_multiple_1.0
2025-09-02T07:00:00+00:00,ETH-USDT-SWAP,SELL,4391.72,0.7,takeprofit_trailing
2025-09-02T07:15:00+00:00,ETH-USDT-SWAP,BUY,4394.58,1.0,entry_multi_indicator
2025-09-02T07:30:00+00:00,ETH-USDT-SWAP,SELL,4383.92,1.0,stoploss_full
2025-09-02T21:45:00+00:00,ETH-USDT-SWAP,BUY,4326.67,1.0,entry_multi_indicator
2025-09-03T00:45:00+00:00,ETH-USDT-SWAP,SELL,4307.81,1.0,stoploss_full
2025-09-03T02:15:00+00:00,ETH-USDT-SWAP,BUY,4352.46,1.0,entry_multi_indicator
2025-09-03T03:00:00+00:00,ETH-USDT-SWAP,SELL,4325.0,1.0,takeprofit_trailing
2025-09-03T09:45:00+00:00,ETH-USDT-SWAP,BUY,4349.99,1.0,entry_multi_indicator
2025-09-03T12:30:00+00:00,ETH-USDT-SWAP,SELL,4349.68,1.0,stoploss_full
2025-09-03T13:30:00+00:00,ETH-USDT-SWAP,BUY,4418.61,1.0,entry_multi_indicator
2025-09-03T14:30:00+00:00,ETH-USDT-SWAP,SELL,4475.99,0.3,takeprofit_r_multiple_1.0
2025-09-03T16:45:00+00:00,ETH-USDT-SWAP,SELL,4465.0,0.7,stoploss_full
2025-09-04T10:00:00+00:00,ETH-USDT-SWAP,BUY,4408.15,1.0,entry_multi_indicator
2025-09-04T10:45:00+00:00,ETH-USDT-SWAP,SELL,4405.26,1.0,takeprofit_trailing
2025-09-04T11:00:00+00:00,ETH-USDT-SWAP,BUY,4424.24,1.0,entry_multi_indicator
2025-09-04T12:30:00+00:00,ETH-USDT-SWAP,SELL,4388.01,1.0,takeprofit_trailing
2025-09-04T22:45:00+00:00,ETH-USDT-SWAP,BUY,4339.18,1.0,entry_multi_indicator
2025-09-04T23:30:00+00:00,ETH-USDT-SWAP,SELL,4315.71,1.0,takeprofit_trailing
2025-09-05T05:15:00+00:00,ETH-USDT-SWAP,BUY,4331.93,1.0,entry_multi_indicator
2025-09-05T07:15:00+00:00,ETH-USDT-SWAP,SELL,4371.02,0.3,takeprofit_r_multiple_1.0
2025-09-05T07:45:00+00:00,ETH-USDT-SWAP,SELL,4414.88,0.3,takeprofit_r_multiple_2.0
2025-09-05T08:00:00+00:00,ETH-USDT-SWAP,SELL,4397.4,0.39999999999999997,takeprofit_trailing
2025-09-05T08:15:00+00:00,ETH-USDT-SWAP,BUY,4394.35,1.0,entry_multi_indicator
2025-09-05T09:15:00+00:00,ETH-USDT-SWAP,SELL,4376.69,1.0,takeprofit_trailing
2025-09-05T09:30:00+00:00,ETH-USDT-SWAP,BUY,4395.0,1.0,entry_multi_indicator
2025-09-05T11:45:00+00:00,ETH-USDT-SWAP,SELL,4415.67,1.0,stoploss_full
2025-09-05T12:15:00+00:00,ETH-USDT-SWAP,BUY,4448.76,1.0,entry_multi_indicator
2025-09-05T12:30:00+00:00,ETH-USDT-SWAP,SELL,4432.39,1.0,takeprofit_trailing
2025-09-05T12:45:00+00:00,ETH-USDT-SWAP,BUY,4469.5,1.0,entry_multi_indicator
2025-09-05T13:45:00+00:00,ETH-USDT-SWAP,SELL,4441.54,1.0,takeprofit_trailing
2025-09-07T00:30:00+00:00,ETH-USDT-SWAP,BUY,4283.39,1.0,entry_multi_indicator
2025-09-07T04:15:00+00:00,ETH-USDT-SWAP,SELL,4294.0,1.0,stoploss_full
2025-09-07T08:15:00+00:00,ETH-USDT-SWAP,BUY,4307.0,1.0,entry_multi_indicator
2025-09-07T08:45:00+00:00,ETH-USDT-SWAP,SELL,4299.36,1.0,takeprofit_trailing
2025-09-07T09:00:00+00:00,ETH-USDT-SWAP,BUY,4304.51,1.0,entry_multi_indicator
2025-09-07T09:30:00+00:00,ETH-USDT-SWAP,SELL,4292.4,1.0,takeprofit_trailing
2025-09-07T10:00:00+00:00,ETH-USDT-SWAP,BUY,4303.33,1.0,entry_multi_indicator
2025-09-07T10:15:00+00:00,ETH-USDT-SWAP,SELL,4297.75,1.0,stoploss_full
2025-09-07T11:45:00+00:00,ETH-USDT-SWAP,BUY,4308.45,1.0,entry_multi_indicator
2025-09-07T12:00:00+00:00,ETH-USDT-SWAP,SELL,4298.11,1.0,stoploss_full
2025-09-07T14:30:00+00:00,ETH-USDT-SWAP,BUY,4308.8,1.0,entry_multi_indicator
2025-09-07T14:45:00+00:00,ETH-USDT-SWAP,SELL,4297.92,1.0,stoploss_full
2025-09-07T22:15:00+00:00,ETH-USDT-SWAP,BUY,4302.27,1.0,entry_multi_indicator
2025-09-07T23:15:00+00:00,ETH-USDT-SWAP,SELL,4326.52,0.3,takeprofit_r_multiple_1.0
2025-09-07T23:45:00+00:00,ETH-USDT-SWAP,SELL,4304.1,0.7,takeprofit_trailing
2025-09-08T00:15:00+00:00,ETH-USDT-SWAP,BUY,4315.11,1.0,entry_multi_indicator
2025-09-08T00:45:00+00:00,ETH-USDT-SWAP,SELL,4297.35,1.0,stoploss_full
2025-09-08T09:00:00+00:00,ETH-USDT-SWAP,BUY,4315.47,1.0,entry_multi_indicator
2025-09-08T09:30:00+00:00,ETH-USDT-SWAP,SELL,4311.36,1.0,takeprofit_trailing
2025-09-08T09:45:00+00:00,ETH-USDT-SWAP,BUY,4318.04,1.0,entry_multi_indicator
2025-09-08T11:15:00+00:00,ETH-USDT-SWAP,SELL,4302.76,1.0,takeprofit_trailing
2025-09-08T13:00:00+00:00,ETH-USDT-SWAP,BUY,4357.63,1.0,entry_multi_indicator
2025-09-08T13:30:00+00:00,ETH-USDT-SWAP,SELL,4331.39,1.0,takeprofit_trailing
2025-09-08T14:15:00+00:00,ETH-USDT-SWAP,BUY,4341.27,1.0,entry_multi_indicator
2025-09-08T16:30:00+00:00,ETH-USDT-SWAP,SELL,4345.67,1.0,takeprofit_trailing
2025-09-09T05:30:00+00:00,ETH-USDT-SWAP,BUY,4309.99,1.0,entry_multi_indicator
2025-09-09T06:00:00+00:00,ETH-USDT-SWAP,SELL,4340.9,0.3,takeprofit_r_multiple_1.0
2025-09-09T06:30:00+00:00,ETH-USDT-SWAP,SELL,4359.48,0.3,takeprofit_r_multiple_2.0
2025-09-09T07:00:00+00:00,ETH-USDT-SWAP,SELL,4372.99,0.2,takeprofit_rsi_partial
2025-09-09T07:30:00+00:00,ETH-USDT-SWAP,SELL,4354.4,0.19999999999999996,takeprofit_trailing
2025-09-09T07:45:00+00:00,ETH-USDT-SWAP,BUY,4360.27,1.0,entry_multi_indicator
2025-09-09T09:00:00+00:00,ETH-USDT-SWAP,SELL,4355.1,1.0,stoploss_full
2025-09-09T21:00:00+00:00,ETH-USDT-SWAP,BUY,4313.69,1.0,entry_multi_indicator
2025-09-09T21:15:00+00:00,ETH-USDT-SWAP,SELL,4298.46,1.0,takeprofit_trailing
2025-09-09T22:00:00+00:00,ETH-USDT-SWAP,BUY,4313.58,1.0,entry_multi_indicator
2025-09-10T00:15:00+00:00,ETH-USDT-SWAP,SELL,4297.32,1.0,takeprofit_trailing
2025-09-10T02:30:00+00:00,ETH-USDT-SWAP,BUY,4321.04,1.0,entry_multi_indicator
2025-09-10T04:30:00+00:00,ETH-USDT-SWAP,SELL,4310.21,1.0,takeprofit_trailing
2025-09-10T07:15:00+00:00,ETH-USDT-SWAP,BUY,4330.39,1.0,entry_multi_indicator
2025-09-10T09:15:00+00:00,ETH-USDT-SWAP,SELL,4320.02,1.0,stoploss_full
2025-09-10T12:00:00+00:00,ETH-USDT-SWAP,BUY,4332.03,1.0,entry_multi_indicator
2025-09-10T12:30:00+00:00,ETH-USDT-SWAP,SELL,4378.15,0.3,takeprofit_r_multiple_2.0
2025-09-10T12:45:00+00:00,ETH-USDT-SWAP,SELL,4369.95,0.7,takeprofit_trailing
2025-09-10T13:00:00+00:00,ETH-USDT-SWAP,BUY,4382.9,1.0,entry_multi_indicator
2025-09-10T13:45:00+00:00,ETH-USDT-SWAP,SELL,4416.93,0.3,takeprofit_r_multiple_1.0
2025-09-10T14:30:00+00:00,ETH-USDT-SWAP,SELL,4418.98,0.7,takeprofit_trailing
2025-09-10T14:45:00+00:00,ETH-USDT-SWAP,BUY,4399.79,1.0,entry_multi_indicator
2025-09-10T15:45:00+00:00,ETH-USDT-SWAP,SELL,4403.66,1.0,stoploss_full
2025-09-11T00:45:00+00:00,ETH-USDT-SWAP,BUY,4358.01,1.0,entry_multi_indicator
2025-09-11T01:30:00+00:00,ETH-USDT-SWAP,SELL,4365.01,1.0,takeprofit_trailing
2025-09-11T01:45:00+00:00,ETH-USDT-SWAP,BUY,4363.67,1.0,entry_multi_indicator
2025-09-11T03:15:00+00:00,ETH-USDT-SWAP,SELL,4393.48,0.3,takeprofit_r_multiple_1.0
2025-09-11T04:15:00+00:00,ETH-USDT-SWAP,SELL,4412.46,0.3,takeprofit_r_multiple_2.0
2025-09-11T08:00:00+00:00,ETH-USDT-SWAP,SELL,4431.75,0.39999999999999997,stoploss_full
2025-09-11T12:00:00+00:00,ETH-USDT-SWAP,BUY,4452.4,1.0,entry_multi_indicator
2025-09-11T12:30:00+00:00,ETH-USDT-SWAP,SELL,4412.98,1.0,stoploss_full
2025-09-11T22:15:00+00:00,ETH-USDT-SWAP,BUY,4442.45,1.0,entry_multi_indicator
2025-09-11T23:00:00+00:00,ETH-USDT-SWAP,SELL,4464.03,0.3,takeprofit_r_multiple_1.0
2025-09-12T00:30:00+00:00,ETH-USDT-SWAP,SELL,4507.49,0.3,takeprofit_r_multiple_2.0
2025-09-12T00:45:00+00:00,ETH-USDT-SWAP,SELL,4511.13,0.39999999999999997,takeprofit_trailing
2025-09-12T01:00:00+00:00,ETH-USDT-SWAP,BUY,4529.99,1.0,entry_multi_indicator
2025-09-12T01:45:00+00:00,ETH-USDT-SWAP,SELL,4496.71,1.0,takeprofit_trailing
2025-09-12T02:00:00+00:00,ETH-USDT-SWAP,BUY,4508.0,1.0,entry_multi_indicator
2025-09-12T03:00:00+00:00,ETH-USDT-SWAP,SELL,4501.0,1.0,stoploss_full
2025-09-12T05:45:00+00:00,ETH-USDT-SWAP,BUY,4556.77,1.0,entry_multi_indicator
2025-09-12T06:30:00+00:00,ETH-USDT-SWAP,SELL,4541.5,1.0,takeprofit_trailing
2025-09-12T06:45:00+00:00,ETH-USDT-SWAP,BUY,4538.19,1.0,entry_multi_indicator
2025-09-12T07:15:00+00:00,ETH-USDT-SWAP,SELL,4538.25,1.0,stoploss_full
2025-09-12T13:45:00+00:00,ETH-USDT-SWAP,BUY,4538.8,1.0,entry_multi_indicator
2025-09-12T14:30:00+00:00,ETH-USDT-SWAP,SELL,4524.74,1.0,takeprofit_trailing
2025-09-12T14:45:00+00:00,ETH-USDT-SWAP,BUY,4545.99,1.0,entry_multi_indicator
2025-09-12T17:15:00+00:00,ETH-USDT-SWAP,SELL,4587.99,0.3,takeprofit_r_multiple_1.0
2025-09-12T18:45:00+00:00,ETH-USDT-SWAP,SELL,4623.59,0.3,takeprofit_r_multiple_2.0
2025-09-12T21:15:00+00:00,ETH-USDT-SWAP,SELL,4659.72,0.39999999999999997,takeprofit_trailing
2025-09-12T22:15:00+00:00,ETH-USDT-SWAP,BUY,4715.94,1.0,entry_multi_indicator
2025-09-12T22:30:00+00:00,ETH-USDT-SWAP,SELL,4697.91,1.0,takeprofit_trailing
2025-09-12T22:45:00+00:00,ETH-USDT-SWAP,BUY,4695.4,1.0,entry_multi_indicator
2025-09-13T00:00:00+00:00,ETH-USDT-SWAP,SELL,4699.1,1.0,stoploss_full
2025-09-13T03:15:00+00:00,ETH-USDT-SWAP,BUY,4725.33,1.0,entry_multi_indicator
2025-09-13T04:00:00+00:00,ETH-USDT-SWAP,SELL,4738.82,1.0,takeprofit_trailing
2025-09-13T04:15:00+00:00,ETH-USDT-SWAP,BUY,4735.12,1.0,entry_multi_indicator
2025-09-13T04:45:00+00:00,ETH-USDT-SWAP,SELL,4741.86,1.0,stoploss_full
2025-09-13T23:45:00+00:00,ETH-USDT-SWAP,BUY,4668.0,1.0,entry_multi_indicator
2025-09-14T01:00:00+00:00,ETH-USDT-SWAP,SELL,4656.55,1.0,takeprofit_trailing
2025-09-14T01:45:00+00:00,ETH-USDT-SWAP,BUY,4674.44,1.0,entry_multi_indicator
2025-09-14T03:15:00+00:00,ETH-USDT-SWAP,SELL,4674.87,1.0,takeprofit_trailing
2025-09-14T21:30:00+00:00,ETH-USDT-SWAP,BUY,4636.84,1.0,entry_multi_indicator
2025-09-14T23:00:00+00:00,ETH-USDT-SWAP,SELL,4614.95,1.0,takeprofit_trailing
2025-09-15T03:45:00+00:00,ETH-USDT-SWAP,BUY,4636.91,1.0,entry_multi_indicator
2025-09-15T06:15:00+00:00,ETH-USDT-SWAP,SELL,4651.95,1.0,takeprofit_trailing
2025-09-15T21:30:00+00:00,ETH-USDT-SWAP,BUY,4521.23,1.0,entry_multi_indicator
2025-09-16T00:00:00+00:00,ETH-USDT-SWAP,SELL,4515.42,1.0,takeprofit_trailing
2025-09-16T01:00:00+00:00,ETH-USDT-SWAP,BUY,4524.25,1.0,entry_multi_indicator
2025-09-16T01:45:00+00:00,ETH-USDT-SWAP,SELL,4516.82,1.0,takeprofit_trailing
2025-09-16T02:00:00+00:00,ETH-USDT-SWAP,BUY,4526.84,1.0,entry_multi_indicator
2025-09-16T02:45:00+00:00,ETH-USDT-SWAP,SELL,4512.5,1.0,stoploss_full
2025-09-16T06:00:00+00:00,ETH-USDT-SWAP,BUY,4532.47,1.0,entry_multi_indicator
2025-09-16T06:15:00+00:00,ETH-USDT-SWAP,SELL,4513.61,1.0,takeprofit_trailing
2025-09-16T21:45:00+00:00,ETH-USDT-SWAP,BUY,4505.0,1.0,entry_multi_indicator
2025-09-16T23:15:00+00:00,ETH-USDT-SWAP,SELL,4503.92,1.0,takeprofit_trailing
2025-09-17T02:30:00+00:00,ETH-USDT-SWAP,BUY,4534.98,1.0,entry_multi_indicator
2025-09-17T02:45:00+00:00,ETH-USDT-SWAP,SELL,4528.55,1.0,takeprofit_trailing
2025-09-17T03:00:00+00:00,ETH-USDT-SWAP,BUY,4523.6,1.0,entry_multi_indicator
2025-09-17T03:30:00+00:00,ETH-USDT-SWAP,SELL,4502.9,1.0,stoploss_full
2025-09-17T06:30:00+00:00,ETH-USDT-SWAP,BUY,4536.04,1.0,entry_multi_indicator
2025-09-17T08:00:00+00:00,ETH-USDT-SWAP,SELL,4514.5,1.0,takeprofit_trailing
2025-09-17T17:30:00+00:00,ETH-USDT-SWAP,BUY,4509.18,1.0,entry_multi_indicator
2025-09-17T17:45:00+00:00,ETH-USDT-SWAP,SELL,4421.36,1.0,stoploss_full
2025-09-17T19:45:00+00:00,ETH-USDT-SWAP,BUY,4515.0,1.0,entry_multi_indicator
2025-09-18T00:00:00+00:00,ETH-USDT-SWAP,SELL,4604.67,0.3,takeprofit_r_multiple_1.0
2025-09-18T00:45:00+00:00,ETH-USDT-SWAP,SELL,4582.76,0.7,takeprofit_trailing
2025-09-18T01:00:00+00:00,ETH-USDT-SWAP,BUY,4601.52,1.0,entry_multi_indicator
2025-09-18T02:15:00+00:00,ETH-USDT-SWAP,SELL,4604.15,1.0,stoploss_full
2025-09-18T03:00:00+00:00,ETH-USDT-SWAP,BUY,4636.72,1.0,entry_multi_indicator
2025-09-18T03:45:00+00:00,ETH-USDT-SWAP,SELL,4612.15,1.0,takeprofit_trailing
2025-09-18T14:00:00+00:00,ETH-USDT-SWAP,BUY,4605.0,1.0,entry_multi_indicator
2025-09-18T14:45:00+00:00,ETH-USDT-SWAP,SELL,4594.01,1.0,takeprofit_trailing
2025-09-18T15:45:00+00:00,ETH-USDT-SWAP,BUY,4597.09,1.0,entry_multi_indicator
2025-09-18T17:30:00+00:00,ETH-USDT-SWAP,SELL,4602.76,1.0,takeprofit_trailing
2025-09-18T17:45:00+00:00,ETH-USDT-SWAP,BUY,4607.12,1.0,entry_multi_indicator
2025-09-18T18:15:00+00:00,ETH-USDT-SWAP,SELL,4609.28,1.0,stoploss_full
2025-09-19T01:15:00+00:00,ETH-USDT-SWAP,BUY,4614.35,1.0,entry_multi_indicator
2025-09-19T02:00:00+00:00,ETH-USDT-SWAP,SELL,4596.05,1.0,takeprofit_trailing
2025-09-20T05:15:00+00:00,ETH-USDT-SWAP,BUY,4474.2,1.0,entry_multi_indicator
2025-09-20T06:00:00+00:00,ETH-USDT-SWAP,SELL,4469.42,1.0,takeprofit_trailing
2025-09-20T06:15:00+00:00,ETH-USDT-SWAP,BUY,4473.19,1.0,entry_multi_indicator
2025-09-20T08:45:00+00:00,ETH-USDT-SWAP,SELL,4463.55,1.0,stoploss_full
2025-09-20T14:45:00+00:00,ETH-USDT-SWAP,BUY,4485.27,1.0,entry_multi_indicator
2025-09-20T15:15:00+00:00,ETH-USDT-SWAP,SELL,4501.0,0.3,takeprofit_r_multiple_1.0
2025-09-20T16:15:00+00:00,ETH-USDT-SWAP,SELL,4491.5,0.7,takeprofit_trailing
2025-09-20T16:30:00+00:00,ETH-USDT-SWAP,BUY,4501.27,1.0,entry_multi_indicator
2025-09-20T17:00:00+00:00,ETH-USDT-SWAP,SELL,4479.7,1.0,stoploss_full
2025-09-21T06:30:00+00:00,ETH-USDT-SWAP,BUY,4489.36,1.0,entry_multi_indicator
2025-09-21T06:45:00+00:00,ETH-USDT-SWAP,SELL,4482.77,1.0,takeprofit_trailing
2025-09-21T14:00:00+00:00,ETH-USDT-SWAP,BUY,4477.35,1.0,entry_multi_indicator
2025-09-21T14:45:00+00:00,ETH-USDT-SWAP,SELL,4470.4,1.0,takeprofit_trailing
2025-09-21T15:00:00+00:00,ETH-USDT-SWAP,BUY,4480.57,1.0,entry_multi_indicator
2025-09-21T16:30:00+00:00,ETH-USDT-SWAP,SELL,4469.07,1.0,takeprofit_trailing
2025-09-21T17:45:00+00:00,ETH-USDT-SWAP,BUY,4489.38,1.0,entry_multi_indicator
2025-09-21T19:00:00+00:00,ETH-USDT-SWAP,SELL,4478.73,1.0,takeprofit_trailing
2025-09-21T19:15:00+00:00,ETH-USDT-SWAP,BUY,4490.4,1.0,entry_multi_indicator
2025-09-21T20:30:00+00:00,ETH-USDT-SWAP,SELL,4478.01,1.0,stoploss_full
2025-09-22T14:15:00+00:00,ETH-USDT-SWAP,BUY,4213.51,1.0,entry_multi_indicator
2025-09-22T14:45:00+00:00,ETH-USDT-SWAP,SELL,4187.52,1.0,takeprofit_trailing
2025-09-22T21:30:00+00:00,ETH-USDT-SWAP,BUY,4193.28,1.0,entry_multi_indicator
2025-09-23T00:30:00+00:00,ETH-USDT-SWAP,SELL,4192.99,1.0,takeprofit_trailing
2025-09-23T06:30:00+00:00,ETH-USDT-SWAP,BUY,4200.95,1.0,entry_multi_indicator
2025-09-23T09:15:00+00:00,ETH-USDT-SWAP,SELL,4201.92,1.0,takeprofit_trailing
2025-09-24T01:15:00+00:00,ETH-USDT-SWAP,BUY,4187.82,1.0,entry_multi_indicator
2025-09-24T02:00:00+00:00,ETH-USDT-SWAP,SELL,4168.49,1.0,takeprofit_trailing
2025-09-24T09:45:00+00:00,ETH-USDT-SWAP,BUY,4180.6,1.0,entry_multi_indicator
2025-09-24T10:15:00+00:00,ETH-USDT-SWAP,SELL,4166.28,1.0,stoploss_full
2025-09-24T11:00:00+00:00,ETH-USDT-SWAP,BUY,4191.15,1.0,entry_multi_indicator
2025-09-24T11:45:00+00:00,ETH-USDT-SWAP,SELL,4180.0,1.0,takeprofit_trailing
2025-09-24T14:45:00+00:00,ETH-USDT-SWAP,BUY,4191.35,1.0,entry_multi_indicator
2025-09-24T15:45:00+00:00,ETH-USDT-SWAP,SELL,4163.52,1.0,takeprofit_trailing
2025-09-26T01:30:00+00:00,ETH-USDT-SWAP,BUY,3940.78,1.0,entry_multi_indicator
2025-09-26T04:30:00+00:00,ETH-USDT-SWAP,SELL,3941.99,1.0,takeprofit_trailing
2025-09-26T12:30:00+00:00,ETH-USDT-SWAP,BUY,3946.3,1.0,entry_multi_indicator
2025-09-26T13:15:00+00:00,ETH-USDT-SWAP,SELL,3913.3,1.0,takeprofit_trailing
2025-09-26T13:30:00+00:00,ETH-USDT-SWAP,BUY,3936.64,1.0,entry_multi_indicator
2025-09-26T14:15:00+00:00,ETH-USDT-SWAP,SELL,3938.73,1.0,takeprofit_trailing
2025-09-26T15:15:00+00:00,ETH-USDT-SWAP,BUY,3958.43,1.0,entry_multi_indicator
2025-09-26T17:45:00+00:00,ETH-USDT-SWAP,SELL,4042.54,0.3,takeprofit_r_multiple_1.0
2025-09-26T19:15:00+00:00,ETH-USDT-SWAP,SELL,4020.5,0.7,takeprofit_trailing
2025-09-27T12:45:00+00:00,ETH-USDT-SWAP,BUY,4026.44,1.0,entry_multi_indicator
2025-09-27T13:00:00+00:00,ETH-USDT-SWAP,SELL,4013.59,1.0,takeprofit_trailing
2025-09-27T13:15:00+00:00,ETH-USDT-SWAP,BUY,4018.87,1.0,entry_multi_indicator
2025-09-27T15:00:00+00:00,ETH-USDT-SWAP,SELL,4000.99,1.0,stoploss_full
2025-09-27T21:30:00+00:00,ETH-USDT-SWAP,BUY,4014.74,1.0,entry_multi_indicator
2025-09-27T22:15:00+00:00,ETH-USDT-SWAP,SELL,4031.02,0.3,takeprofit_r_multiple_1.0
2025-09-27T22:30:00+00:00,ETH-USDT-SWAP,SELL,4017.9,0.7,takeprofit_trailing
2025-09-27T22:45:00+00:00,ETH-USDT-SWAP,BUY,4021.01,1.0,entry_multi_indicator
2025-09-28T00:00:00+00:00,ETH-USDT-SWAP,SELL,4011.44,1.0,stoploss_full
2025-09-28T07:30:00+00:00,ETH-USDT-SWAP,BUY,4010.95,1.0,entry_multi_indicator
2025-09-28T08:45:00+00:00,ETH-USDT-SWAP,SELL,4000.0,1.0,stoploss_full
2025-09-28T14:00:00+00:00,ETH-USDT-SWAP,BUY,4011.6,1.0,entry_multi_indicator
2025-09-28T16:15:00+00:00,ETH-USDT-SWAP,SELL,4028.5,1.0,takeprofit_trailing
2025-09-28T16:30:00+00:00,ETH-USDT-SWAP,BUY,4025.75,1.0,entry_multi_indicator
2025-09-28T19:00:00+00:00,ETH-USDT-SWAP,SELL,4032.0,1.0,stoploss_full
2025-09-28T20:30:00+00:00,ETH-USDT-SWAP,BUY,4054.36,1.0,entry_multi_indicator
2025-09-28T20:45:00+00:00,ETH-USDT-SWAP,SELL,4048.39,1.0,takeprofit_trailing
2025-09-28T21:00:00+00:00,ETH-USDT-SWAP,BUY,4050.24,1.0,entry_multi_indicator
2025-09-28T21:30:00+00:00,ETH-USDT-SWAP,SELL,4043.31,1.0,stoploss_full
2025-09-28T22:00:00+00:00,ETH-USDT-SWAP,BUY,4086.95,1.0,entry_multi_indicator
2025-09-28T22:15:00+00:00,ETH-USDT-SWAP,SELL,4106.42,0.2,takeprofit_rsi_partial
2025-09-28T22:30:00+00:00,ETH-USDT-SWAP,SELL,4121.46,0.3,takeprofit_r_multiple_1.0
2025-09-28T22:45:00+00:00,ETH-USDT-SWAP,SELL,4130.0,0.2,takeprofit_rsi_partial
2025-09-28T23:00:00+00:00,ETH-USDT-SWAP,SELL,4126.3,0.2,takeprofit_rsi_partial
2025-09-28T23:15:00+00:00,ETH-USDT-SWAP,SELL,4125.08,0.09999999999999998,takeprofit_rsi_partial
2025-09-28T23:30:00+00:00,ETH-USDT-SWAP,BUY,4137.24,1.0,entry_multi_indicator
2025-09-28T23:45:00+00:00,ETH-USDT-SWAP,SELL,4139.36,0.2,takeprofit_rsi_partial
2025-09-29T01:15:00+00:00,ETH-USDT-SWAP,SELL,4118.15,0.8,stoploss_full
2025-09-29T08:30:00+00:00,ETH-USDT-SWAP,BUY,4124.98,1.0,entry_multi_indicator
2025-09-29T10:30:00+00:00,ETH-USDT-SWAP,SELL,4120.38,1.0,takeprofit_trailing
2025-09-29T13:30:00+00:00,ETH-USDT-SWAP,BUY,4146.64,1.0,entry_multi_indicator
2025-09-29T14:30:00+00:00,ETH-USDT-SWAP,SELL,4190.72,0.3,takeprofit_r_multiple_1.0
2025-09-29T15:15:00+00:00,ETH-USDT-SWAP,SELL,4169.75,0.7,takeprofit_trailing
2025-09-29T15:30:00+00:00,ETH-USDT-SWAP,BUY,4169.08,1.0,entry_multi_indicator
2025-09-29T16:15:00+00:00,ETH-USDT-SWAP,SELL,4157.19,1.0,stoploss_full
2025-09-29T20:00:00+00:00,ETH-USDT-SWAP,BUY,4192.68,1.0,entry_multi_indicator
2025-09-29T20:30:00+00:00,ETH-USDT-SWAP,SELL,4228.87,0.3,takeprofit_r_multiple_1.0
2025-09-29T23:00:00+00:00,ETH-USDT-SWAP,SELL,4220.28,0.7,stoploss_full
2025-09-30T19:45:00+00:00,ETH-USDT-SWAP,BUY,4158.29,1.0,entry_multi_indicator
2025-09-30T20:45:00+00:00,ETH-USDT-SWAP,SELL,4193.88,0.3,takeprofit_r_multiple_1.0
2025-09-30T21:15:00+00:00,ETH-USDT-SWAP,SELL,4173.44,0.7,takeprofit_trailing
2025-09-30T21:30:00+00:00,ETH-USDT-SWAP,BUY,4169.98,1.0,entry_multi_indicator
2025-09-30T22:30:00+00:00,ETH-USDT-SWAP,SELL,4141.25,1.0,stoploss_full
2025-10-01T08:15:00+00:00,ETH-USDT-SWAP,BUY,4164.73,1.0,entry_multi_indicator
2025-10-01T08:30:00+00:00,ETH-USDT-SWAP,SELL,4269.33,0.3,takeprofit_r_multiple_2.0
2025-10-01T08:45:00+00:00,ETH-USDT-SWAP,SELL,4289.99,0.7,takeprofit_trailing
2025-10-01T09:00:00+00:00,ETH-USDT-SWAP,BUY,4285.0,1.0,entry_multi_indicator
2025-10-01T09:15:00+00:00,ETH-USDT-SWAP,SELL,4293.0,0.2,takeprofit_rsi_partial
2025-10-01T09:30:00+00:00,ETH-USDT-SWAP,SELL,4300.61,0.2,takeprofit_rsi_partial
2025-10-01T09:45:00+00:00,ETH-USDT-SWAP,SELL,4308.31,0.2,takeprofit_rsi_partial
2025-10-01T10:45:00+00:00,ETH-USDT-SWAP,SELL,4280.41,0.4000000000000001,takeprofit_trailing
2025-10-01T11:00:00+00:00,ETH-USDT-SWAP,BUY,4295.0,1.0,entry_multi_indicator
2025-10-01T12:00:00+00:00,ETH-USDT-SWAP,SELL,4295.76,1.0,stoploss_full
2025-10-01T14:15:00+00:00,ETH-USDT-SWAP,BUY,4313.39,1.0,entry_multi_indicator
2025-10-01T17:00:00+00:00,ETH-USDT-SWAP,SELL,4310.99,1.0,takeprofit_trailing
2025-10-01T23:30:00+00:00,ETH-USDT-SWAP,BUY,4333.54,1.0,entry_multi_indicator
2025-10-02T00:00:00+00:00,ETH-USDT-SWAP,SELL,4377.59,0.3,takeprofit_r_multiple_1.0
2025-10-02T00:30:00+00:00,ETH-USDT-SWAP,SELL,4336.55,0.7,takeprofit_trailing
2025-10-02T01:00:00+00:00,ETH-USDT-SWAP,BUY,4345.21,1.0,entry_multi_indicator
2025-10-02T01:45:00+00:00,ETH-USDT-SWAP,SELL,4391.51,0.3,takeprofit_r_multiple_1.0
2025-10-02T04:00:00+00:00,ETH-USDT-SWAP,SELL,4382.0,0.7,stoploss_full
2025-10-02T06:15:00+00:00,ETH-USDT-SWAP,BUY,4400.24,1.0,entry_multi_indicator
2025-10-02T07:00:00+00:00,ETH-USDT-SWAP,SELL,4393.66,1.0,takeprofit_trailing
2025-10-02T12:45:00+00:00,ETH-USDT-SWAP,BUY,4404.43,1.0,entry_multi_indicator
2025-10-02T13:00:00+00:00,ETH-USDT-SWAP,SELL,4395.16,1.0,takeprofit_trailing
2025-10-02T13:30:00+00:00,ETH-USDT-SWAP,BUY,4395.99,1.0,entry_multi_indicator
2025-10-02T14:30:00+00:00,ETH-USDT-SWAP,SELL,4384.24,1.0,takeprofit_trailing
2025-10-02T15:45:00+00:00,ETH-USDT-SWAP,BUY,4435.38,1.0,entry_multi_indicator
2025-10-02T19:00:00+00:00,ETH-USDT-SWAP,SELL,4513.0,0.3,takeprofit_r_multiple_1.0
2025-10-02T20:00:00+00:00,ETH-USDT-SWAP,SELL,4483.0,0.7,takeprofit_trailing
2025-10-03T02:00:00+00:00,ETH-USDT-SWAP,BUY,4491.0,1.0,entry_multi_indicator
2025-10-03T03:00:00+00:00,ETH-USDT-SWAP,SELL,4529.97,1.0,takeprofit_trailing
2025-10-03T03:15:00+00:00,ETH-USDT-SWAP,BUY,4528.43,1.0,entry_multi_indicator
2025-10-03T03:30:00+00:00,ETH-USDT-SWAP,SELL,4518.57,1.0,takeprofit_trailing
2025-10-03T03:45:00+00:00,ETH-USDT-SWAP,BUY,4499.37,1.0,entry_multi_indicator
2025-10-03T04:30:00+00:00,ETH-USDT-SWAP,SELL,4492.23,1.0,stoploss_full
2025-10-03T15:30:00+00:00,ETH-USDT-SWAP,BUY,4499.87,1.0,entry_multi_indicator
2025-10-03T16:30:00+00:00,ETH-USDT-SWAP,SELL,4579.63,0.3,takeprofit_r_multiple_1.0
2025-10-03T16:45:00+00:00,ETH-USDT-SWAP,SELL,4523.6,0.7,takeprofit_trailing
2025-10-04T06:15:00+00:00,ETH-USDT-SWAP,BUY,4508.59,1.0,entry_multi_indicator
2025-10-04T07:15:00+00:00,ETH-USDT-SWAP,SELL,4497.96,1.0,takeprofit_trailing
2025-10-04T14:00:00+00:00,ETH-USDT-SWAP,BUY,4505.34,1.0,entry_multi_indicator
2025-10-04T14:45:00+00:00,ETH-USDT-SWAP,SELL,4468.08,1.0,stoploss_full
2025-10-04T21:00:00+00:00,ETH-USDT-SWAP,BUY,4487.48,1.0,entry_multi_indicator
2025-10-05T00:00:00+00:00,ETH-USDT-SWAP,SELL,4482.33,1.0,stoploss_full
2025-10-05T02:30:00+00:00,ETH-USDT-SWAP,BUY,4520.28,1.0,entry_multi_indicator
2025-10-05T02:45:00+00:00,ETH-USDT-SWAP,SELL,4546.92,0.3,takeprofit_r_multiple_1.0
2025-10-05T03:15:00+00:00,ETH-USDT-SWAP,SELL,4543.96,0.7,takeprofit_trailing
2025-10-05T03:30:00+00:00,ETH-USDT-SWAP,BUY,4557.4,1.0,entry_multi_indicator
2025-10-05T03:45:00+00:00,ETH-USDT-SWAP,SELL,4529.73,1.0,takeprofit_trailing
2025-10-05T04:00:00+00:00,ETH-USDT-SWAP,BUY,4536.0,1.0,entry_multi_indicator
2025-10-05T05:15:00+00:00,ETH-USDT-SWAP,SELL,4575.32,0.3,takeprofit_r_multiple_1.0
2025-10-05T06:30:00+00:00,ETH-USDT-SWAP,SELL,4562.43,0.7,stoploss_full
2025-10-05T07:45:00+00:00,ETH-USDT-SWAP,BUY,4604.2,1.0,entry_multi_indicator
2025-10-05T08:30:00+00:00,ETH-USDT-SWAP,SELL,4589.0,1.0,takeprofit_trailing
2025-10-06T01:15:00+00:00,ETH-USDT-SWAP,BUY,4528.45,1.0,entry_multi_indicator
2025-10-06T04:45:00+00:00,ETH-USDT-SWAP,SELL,4522.64,1.0,stoploss_full
2025-10-06T06:00:00+00:00,ETH-USDT-SWAP,BUY,4545.69,1.0,entry_multi_indicator
2025-10-06T07:30:00+00:00,ETH-USDT-SWAP,SELL,4536.36,1.0,takeprofit_trailing
2025-10-06T08:45:00+00:00,ETH-USDT-SWAP,BUY,4559.81,1.0,entry_multi_indicator
2025-10-06T10:30:00+00:00,ETH-USDT-SWAP,SELL,4561.0,1.0,stoploss_full
2025-10-06T11:15:00+00:00,ETH-USDT-SWAP,BUY,4586.99,1.0,entry_multi_indicator
2025-10-06T11:45:00+00:00,ETH-USDT-SWAP,SELL,4570.14,1.0,takeprofit_trailing
2025-10-06T12:00:00+00:00,ETH-USDT-SWAP,BUY,4583.9,1.0,entry_multi_indicator
2025-10-06T12:45:00+00:00,ETH-USDT-SWAP,SELL,4579.54,1.0,stoploss_full
2025-10-06T13:15:00+00:00,ETH-USDT-SWAP,BUY,4589.44,1.0,entry_multi_indicator
2025-10-06T13:45:00+00:00,ETH-USDT-SWAP,SELL,4636.58,0.3,takeprofit_r_multiple_1.0
2025-10-06T14:15:00+00:00,ETH-USDT-SWAP,SELL,4660.0,0.3,takeprofit_r_multiple_2.0
2025-10-06T14:45:00+00:00,ETH-USDT-SWAP,SELL,4637.31,0.39999999999999997,takeprofit_trailing
2025-10-06T15:00:00+00:00,ETH-USDT-SWAP,BUY,4653.5,1.0,entry_multi_indicator
2025-10-06T17:15:00+00:00,ETH-USDT-SWAP,SELL,4707.59,0.3,takeprofit_r_multiple_1.0
2025-10-06T18:15:00+00:00,ETH-USDT-SWAP,SELL,4687.34,0.7,stoploss_full
2025-10-07T04:30:00+00:00,ETH-USDT-SWAP,BUY,4704.34,1.0,entry_multi_indicator
2025-10-07T06:00:00+00:00,ETH-USDT-SWAP,SELL,4700.35,1.0,takeprofit_trailing
2025-10-07T12:00:00+00:00,ETH-USDT-SWAP,BUY,4703.06,1.0,entry_multi_indicator
2025-10-07T12:45:00+00:00,ETH-USDT-SWAP,SELL,4746.3,0.3,takeprofit_r_multiple_1.0
2025-10-07T13:30:00+00:00,ETH-USDT-SWAP,SELL,4685.92,0.7,takeprofit_trailing
2025-10-08T08:30:00+00:00,ETH-USDT-SWAP,BUY,4492.31,1.0,entry_multi_indicator
2025-10-08T11:30:00+00:00,ETH-USDT-SWAP,SELL,4482.67,1.0,takeprofit_trailing
2025-10-08T11:45:00+00:00,ETH-USDT-SWAP,BUY,4485.37,1.0,entry_multi_indicator
2025-10-08T12:15:00+00:00,ETH-USDT-SWAP,SELL,4478.55,1.0,stoploss_full
2025-10-08T17:00:00+00:00,ETH-USDT-SWAP,BUY,4511.3,1.0,entry_multi_indicator
2025-10-08T18:30:00+00:00,ETH-USDT-SWAP,SELL,4513.39,1.0,takeprofit_trailing
2025-10-08T18:45:00+00:00,ETH-USDT-SWAP,BUY,4520.91,1.0,entry_multi_indicator
2025-10-08T19:45:00+00:00,ETH-USDT-SWAP,SELL,4512.72,1.0,stoploss_full
2025-10-09T21:30:00+00:00,ETH-USDT-SWAP,BUY,4349.34,1.0,entry_multi_indicator
2025-10-10T00:15:00+00:00,ETH-USDT-SWAP,SELL,4381.11,0.3,takeprofit_r_multiple_1.0
2025-10-10T01:30:00+00:00,ETH-USDT-SWAP,SELL,4372.25,0.7,takeprofit_trailing
2025-10-10T13:00:00+00:00,ETH-USDT-SWAP,BUY,4352.48,1.0,entry_multi_indicator
2025-10-10T13:45:00+00:00,ETH-USDT-SWAP,SELL,4353.58,1.0,takeprofit_trailing
2025-10-11T09:45:00+00:00,ETH-USDT-SWAP,BUY,3825.65,1.0,entry_multi_indicator
2025-10-11T11:00:00+00:00,ETH-USDT-SWAP,SELL,3810.31,1.0,takeprofit_trailing
2025-10-11T11:45:00+00:00,ETH-USDT-SWAP,BUY,3837.69,1.0,entry_multi_indicator
2025-10-11T13:00:00+00:00,ETH-USDT-SWAP,SELL,3825.66,1.0,stoploss_full
2025-10-12T03:15:00+00:00,ETH-USDT-SWAP,BUY,3780.0,1.0,entry_multi_indicator
2025-10-12T07:45:00+00:00,ETH-USDT-SWAP,SELL,3824.93,1.0,stoploss_full
2025-10-12T08:15:00+00:00,ETH-USDT-SWAP,BUY,3837.61,1.0,entry_multi_indicator
2025-10-12T08:30:00+00:00,ETH-USDT-SWAP,SELL,3829.4,1.0,stoploss_full
2025-10-12T14:45:00+00:00,ETH-USDT-SWAP,BUY,3972.36,1.0,entry_multi_indicator
2025-10-12T15:00:00+00:00,ETH-USDT-SWAP,SELL,4029.21,0.2,takeprofit_rsi_partial
2025-10-12T15:15:00+00:00,ETH-USDT-SWAP,SELL,4049.11,0.3,takeprofit_r_multiple_1.0
2025-10-12T15:30:00+00:00,ETH-USDT-SWAP,SELL,4006.53,0.5,takeprofit_trailing
2025-10-12T15:45:00+00:00,ETH-USDT-SWAP,BUY,4031.83,1.0,entry_multi_indicator
2025-10-12T16:30:00+00:00,ETH-USDT-SWAP,SELL,4119.5,0.2,takeprofit_rsi_partial
2025-10-12T17:00:00+00:00,ETH-USDT-SWAP,SELL,4138.5,0.3,takeprofit_r_multiple_1.0
2025-10-12T18:30:00+00:00,ETH-USDT-SWAP,SELL,4101.08,0.5,takeprofit_trailing
2025-10-13T01:30:00+00:00,ETH-USDT-SWAP,BUY,4162.85,1.0,entry_multi_indicator
2025-10-13T02:00:00+00:00,ETH-USDT-SWAP,SELL,4170.26,1.0,takeprofit_trailing
2025-10-13T07:00:00+00:00,ETH-USDT-SWAP,BUY,4181.94,1.0,entry_multi_indicator
2025-10-13T09:00:00+00:00,ETH-USDT-SWAP,SELL,4147.06,1.0,stoploss_full
2025-10-13T16:45:00+00:00,ETH-USDT-SWAP,BUY,4162.99,1.0,entry_multi_indicator
2025-10-13T19:00:00+00:00,ETH-USDT-SWAP,SELL,4250.46,0.3,takeprofit_r_multiple_1.0
2025-10-13T21:30:00+00:00,ETH-USDT-SWAP,SELL,4263.97,0.7,stoploss_full
2025-10-14T15:30:00+00:00,ETH-USDT-SWAP,BUY,4020.27,1.0,entry_multi_indicator
2025-10-14T16:15:00+00:00,ETH-USDT-SWAP,SELL,4129.77,0.3,takeprofit_r_multiple_1.0
2025-10-14T19:30:00+00:00,ETH-USDT-SWAP,SELL,4055.74,0.7,takeprofit_trailing
2025-10-15T08:00:00+00:00,ETH-USDT-SWAP,BUY,4135.9,1.0,entry_multi_indicator
2025-10-15T08:30:00+00:00,ETH-USDT-SWAP,SELL,4191.58,0.3,takeprofit_r_multiple_1.0
2025-10-15T09:00:00+00:00,ETH-USDT-SWAP,SELL,4176.39,0.7,takeprofit_trailing
2025-10-15T09:15:00+00:00,ETH-USDT-SWAP,BUY,4151.39,1.0,entry_multi_indicator
2025-10-15T10:15:00+00:00,ETH-USDT-SWAP,SELL,4125.99,1.0,stoploss_full
2025-10-16T01:45:00+00:00,ETH-USDT-SWAP,BUY,4008.27,1.0,entry_multi_indicator
2025-10-16T04:30:00+00:00,ETH-USDT-SWAP,SELL,4006.37,1.0,takeprofit_trailing
2025-10-16T06:45:00+00:00,ETH-USDT-SWAP,BUY,4039.76,1.0,entry_multi_indicator
2025-10-16T07:15:00+00:00,ETH-USDT-SWAP,SELL,4000.55,1.0,takeprofit_trailing
2025-10-16T10:00:00+00:00,ETH-USDT-SWAP,BUY,4056.87,1.0,entry_multi_indicator
2025-10-16T11:15:00+00:00,ETH-USDT-SWAP,SELL,4036.66,1.0,takeprofit_trailing
2025-10-16T11:30:00+00:00,ETH-USDT-SWAP,BUY,4051.51,1.0,entry_multi_indicator
2025-10-16T12:00:00+00:00,ETH-USDT-SWAP,SELL,4045.88,1.0,takeprofit_trailing
2025-10-16T12:15:00+00:00,ETH-USDT-SWAP,BUY,4044.5,1.0,entry_multi_indicator
2025-10-16T13:15:00+00:00,ETH-USDT-SWAP,SELL,4043.22,1.0,stoploss_full
2025-10-17T00:15:00+00:00,ETH-USDT-SWAP,BUY,3912.01,1.0,entry_multi_indicator
2025-10-17T01:30:00+00:00,ETH-USDT-SWAP,SELL,3917.93,1.0,takeprofit_trailing
2025-10-17T01:45:00+00:00,ETH-USDT-SWAP,BUY,3918.5,1.0,entry_multi_indicator
2025-10-17T04:45:00+00:00,ETH-USDT-SWAP,SELL,3910.01,1.0,stoploss_full
2025-10-17T16:00:00+00:00,ETH-USDT-SWAP,BUY,3819.38,1.0,entry_multi_indicator
2025-10-17T22:30:00+00:00,ETH-USDT-SWAP,SELL,3847.21,1.0,stoploss_full
2025-10-18T06:00:00+00:00,ETH-USDT-SWAP,BUY,3873.21,1.0,entry_multi_indicator
2025-10-18T07:00:00+00:00,ETH-USDT-SWAP,SELL,3907.41,0.3,takeprofit_r_multiple_1.0
2025-10-18T07:15:00+00:00,ETH-USDT-SWAP,SELL,3891.24,0.7,takeprofit_trailing
2025-10-18T07:30:00+00:00,ETH-USDT-SWAP,BUY,3897.33,1.0,entry_multi_indicator
2025-10-18T08:45:00+00:00,ETH-USDT-SWAP,SELL,3874.36,1.0,stoploss_full
2025-10-18T17:15:00+00:00,ETH-USDT-SWAP,BUY,3884.76,1.0,entry_multi_indicator
2025-10-18T20:45:00+00:00,ETH-USDT-SWAP,SELL,3883.56,1.0,takeprofit_trailing
2025-10-19T03:30:00+00:00,ETH-USDT-SWAP,BUY,3896.75,1.0,entry_multi_indicator
2025-10-19T05:30:00+00:00,ETH-USDT-SWAP,SELL,3899.99,1.0,takeprofit_trailing
2025-10-19T09:45:00+00:00,ETH-USDT-SWAP,BUY,3910.83,1.0,entry_multi_indicator
2025-10-19T12:15:00+00:00,ETH-USDT-SWAP,SELL,3912.66,1.0,takeprofit_trailing
2025-10-19T13:45:00+00:00,ETH-USDT-SWAP,BUY,3970.5,1.0,entry_multi_indicator
2025-10-19T16:00:00+00:00,ETH-USDT-SWAP,SELL,3968.46,1.0,takeprofit_trailing
2025-10-19T17:00:00+00:00,ETH-USDT-SWAP,BUY,4010.36,1.0,entry_multi_indicator
2025-10-19T17:15:00+00:00,ETH-USDT-SWAP,SELL,3988.0,1.0,takeprofit_trailing
2025-10-19T22:15:00+00:00,ETH-USDT-SWAP,BUY,4013.7,1.0,entry_multi_indicator
2025-10-19T23:00:00+00:00,ETH-USDT-SWAP,SELL,4000.57,1.0,takeprofit_trailing
2025-10-20T03:45:00+00:00,ETH-USDT-SWAP,BUY,4025.45,1.0,entry_multi_indicator
2025-10-20T06:30:00+00:00,ETH-USDT-SWAP,SELL,4079.2,0.3,takeprofit_r_multiple_1.0
2025-10-20T07:30:00+00:00,ETH-USDT-SWAP,SELL,4058.29,0.7,takeprofit_trailing
